"","Methanobrevibacter_smithii","Methanosphaera_stadtmanae","Actinomyces_odontolyticus","Actinomyces_sp_ICM47","Bifidobacterium_adolescentis","Bifidobacterium_angulatum","Bifidobacterium_animalis","Bifidobacterium_bifidum","Bifidobacterium_catenulatum","Bifidobacterium_dentium","Bifidobacterium_longum","Bifidobacterium_pseudocatenulatum","Bifidobacterium_pseudolongum","Rothia_mucilaginosa","Propionibacterium_freudenreichii","Olsenella_scatoligenes","Collinsella_aerofaciens","Collinsella_stercoris","Enorma_massiliensis","Adlercreutzia_equolifaciens","Asaccharobacter_celatus","Eggerthella_lenta","Gordonibacter_pamelaeae","Slackia_isoflavoniconvertens","Bacteroides_caccae","Bacteroides_cellulosilyticus","Bacteroides_clarus","Bacteroides_coprocola","Bacteroides_coprophilus","Bacteroides_dorei","Bacteroides_eggerthii","Bacteroides_faecis","Bacteroides_faecis_CAG_32","Bacteroides_finegoldii","Bacteroides_fragilis","Bacteroides_galacturonicus","Bacteroides_intestinalis","Bacteroides_massiliensis","Bacteroides_nordii","Bacteroides_ovatus","Bacteroides_plebeius","Bacteroides_salyersiae","Bacteroides_sp_43_108","Bacteroides_sp_CAG_144","Bacteroides_sp_CAG_443","Bacteroides_sp_CAG_530","Bacteroides_sp_CAG_598","Bacteroides_sp_CAG_633","Bacteroides_sp_CAG_661","Bacteroides_stercoris","Bacteroides_thetaiotaomicron","Bacteroides_uniformis","Bacteroides_vulgatus","Bacteroides_xylanisolvens","Barnesiella_intestinihominis","Coprobacter_fastidiosus","Coprobacter_secundus","Butyricimonas_synergistica","Butyricimonas_virosa","Odoribacter_laneus","Odoribacter_splanchnicus","Porphyromonas_endodontalis","Sanguibacteroides_justesenii","Paraprevotella_clara","Paraprevotella_xylaniphila","Prevotella_bivia","Prevotella_buccalis","Prevotella_copri","Prevotella_disiens","Prevotella_sp_885","Prevotella_sp_CAG_1031","Prevotella_sp_CAG_1092","Prevotella_sp_CAG_1185","Prevotella_sp_CAG_1320","Prevotella_sp_CAG_279","Prevotella_sp_CAG_485","Prevotella_sp_CAG_5226","Prevotella_sp_CAG_617","Prevotella_sp_CAG_891","Prevotella_sp_CAG_924","Prevotella_stercorea","Alistipes_finegoldii","Alistipes_indistinctus","Alistipes_inops","Alistipes_onderdonkii","Alistipes_putredinis","Alistipes_shahii","Alistipes_sp_An31A","Alistipes_sp_An66","Alistipes_timonensis","Parabacteroides_distasonis","Parabacteroides_goldsteinii","Parabacteroides_johnsonii","Parabacteroides_merdae","Parabacteroides_sp_CAG_409","Gemella_sanguinis","Enterococcus_durans","Enterococcus_faecalis","Enterococcus_faecium","Lactobacillus_curvatus","Lactobacillus_mucosae","Lactobacillus_rogosae","Lactobacillus_ruminis","Lactobacillus_sakei","Lactococcus_lactis","Streptococcus_australis","Streptococcus_infantis","Streptococcus_mitis","Streptococcus_mutans","Streptococcus_parasanguinis","Streptococcus_salivarius","Streptococcus_sanguinis","Streptococcus_sp_A12","Streptococcus_thermophilus","Christensenella_minuta","Butyricicoccus_pullicaecorum","Clostridium_disporicum","Clostridium_paraputrificum","Clostridium_perfringens","Clostridium_sp_CAG_167","Clostridium_sp_CAG_242","Clostridium_sp_CAG_253","Clostridium_sp_CAG_413","Clostridium_sp_CAG_510","Clostridium_sp_CAG_58","Clostridium_sp_CAG_590","Clostridium_sp_CAG_964","Hungatella_hathewayi","Mogibacterium_diversum","Bacteroides_pectinophilus","Intestinimonas_butyriciproducens","Lawsonibacter_asaccharolyticus","Monoglobus_pectinilyticus","Eubacterium_eligens","Eubacterium_hallii","Eubacterium_pyruvativorans","Eubacterium_ramulus","Eubacterium_sp_CAG_180","Eubacterium_sp_CAG_251","Eubacterium_sp_CAG_274","Eubacterium_sp_CAG_38","Eubacterium_sp_OM08_24","Eubacterium_ventriosum","Anaerostipes_hadrus","Anaerotignum_lactatifermentans","Blautia_hansenii","Blautia_hydrogenotrophica","Blautia_obeum","Blautia_producta","Blautia_sp_CAG_257","Blautia_wexlerae","Ruminococcus_gnavus","Ruminococcus_torques","Butyrivibrio_crossotus","Coprococcus_catus","Coprococcus_comes","Coprococcus_eutactus","Dorea_formicigenerans","Dorea_longicatena","Eisenbergiella_massiliensis","Eisenbergiella_tayi","Fusicatenibacter_saccharivorans","Clostridium_bolteae","Clostridium_citroniae","Clostridium_clostridioforme","Clostridium_lavalense","Clostridium_saccharolyticum","Clostridium_symbiosum","Lachnoclostridium_sp_An138","Lachnospira_pectinoschiza","Eubacterium_rectale","Roseburia_faecis","Roseburia_hominis","Roseburia_intestinalis","Roseburia_inulinivorans","Roseburia_sp_CAG_182","Roseburia_sp_CAG_303","Roseburia_sp_CAG_309","Roseburia_sp_CAG_471","Sellimonas_intestinalis","Oscillibacter_sp_57_20","Oscillibacter_sp_CAG_241","Intestinibacter_bartlettii","Romboutsia_ilealis","Agathobaculum_butyriciproducens","Anaeromassilibacillus_sp_An250","Anaerotruncus_colihominis","Anaerotruncus_sp_CAG_528","Faecalibacterium_prausnitzii","Flavonifractor_plautii","Gemmiger_formicilis","Harryflintia_acetispora","Pseudoflavonifractor_capillosus","Pseudoflavonifractor_sp_An184","Clostridium_leptum","Eubacterium_siraeum","Ruminococcaceae_bacterium_D16","Ruminococcaceae_bacterium_D5","Ruminococcus_bicirculans","Ruminococcus_bromii","Ruminococcus_callidus","Ruminococcus_champanellensis","Ruminococcus_lactaris","Ruminococcus_obeum_CAG_39","Ruminococcus_sp_CAG_330","Ruminococcus_sp_CAG_488","Ruminococcus_sp_CAG_624","Ruthenibacterium_lactatiformans","Catenibacterium_mitsuokai","Dielma_fastidiosa","Clostridium_innocuum","Clostridium_spiroforme","Erysipelatoclostridium_ramosum","Faecalicoccus_pleomorphus","Faecalitalea_cylindroides","Holdemanella_biformis","Holdemania_filiformis","Massiliomicrobiota_timonensis","Turicibacter_sanguinis","Firmicutes_bacterium_CAG_110","Firmicutes_bacterium_CAG_145","Firmicutes_bacterium_CAG_170","Firmicutes_bacterium_CAG_238","Firmicutes_bacterium_CAG_83","Firmicutes_bacterium_CAG_94","Firmicutes_bacterium_CAG_95","Acidaminococcus_fermentans","Acidaminococcus_intestini","Acidaminococcus_sp_CAG_542","Phascolarctobacterium_faecium","Phascolarctobacterium_sp_CAG_266","Phascolarctobacterium_succinatutens","Megamonas_funiformis","Megamonas_funiformis_CAG_377","Megamonas_hypermegale","Mitsuokella_jalaludinii","Mitsuokella_multacida","Allisonella_histaminiformans","Dialister_invisus","Dialister_sp_CAG_357","Dialister_succinatiphilus","Megasphaera_elsdenii","Megasphaera_sp_DISK_18","Veillonella_atypica","Veillonella_dispar","Veillonella_infantium","Veillonella_parvula","Veillonella_rogosae","Veillonella_sp_T11011_6","Victivallis_vadensis","Delftia_acidovorans","Parasutterella_excrementihominis","Sutterella_parvirubra","Turicimonas_muris","Bilophila_wadsworthia","Desulfovibrio_piger","Desulfovibrionaceae_bacterium","Campylobacter_hominis","Aeromonas_caviae","Aeromonas_media","Citrobacter_koseri","Enterobacter_cloacae_complex","Escherichia_coli","Klebsiella_oxytoca","Klebsiella_pneumoniae","Kluyvera_cryocrescens","Raoultella_ornithinolytica","Raoultella_planticola","Hafnia_alvei","Hafnia_paralvei","Serratia_liquefaciens","Haemophilus_parainfluenzae","Haemophilus_paraphrohaemolyticus","Haemophilus_pittmaniae","Haemophilus_sp_HMSC71H05","Haemophilus_sputorum","Proteobacteria_bacterium_CAG_139","Akkermansia_muciniphila","Blastocystis_sp_subtype_1"
"UBX",0,0,0,0,38678,1999,0,0,1195,0,4193,0,0,0,0,0,8866,0,0,2646,7774,0,330,0,23250,0,10318,40677,0,414847,0,0,0,0,5742,0,0,5973,0,28096,0,0,0,0,0,0,0,3381,0,0,61462,219918,3119,10380,229648,7919,463,11240,2681,0,91793,0,0,0,0,0,0,1194778,0,0,0,0,173,0,0,0,0,0,114628,0,0,8931,8104,0,0,191939,20497,0,0,0,108686,0,0,84858,0,0,0,0,1039,0,0,0,0,0,0,0,0,0,0,507,3098,0,0,6664,0,0,0,0,0,1935,0,0,0,0,1061,0,0,0,0,0,0,0,0,39762,72413,0,2588,0,8699,0,6095,0,1687,13864,0,0,0,1032,0,0,37776,0,10640,420062,6071,24169,81319,5678,30024,0,0,28842,0,0,0,0,0,0,0,0,4754,26840,106891,0,0,16475,0,0,0,0,139489,124447,37148,0,364,44,0,0,279944,0,2028,0,0,0,0,93145,0,0,156,0,0,0,16982,743,0,0,0,5812,0,0,0,0,0,0,0,0,256,0,493,68497,0,3580,4413,19809,0,0,0,0,0,15273,0,0,0,0,0,0,0,0,32133,0,0,0,0,1362,4117,1858,3021,0,473,0,0,88232,634,5743,3302,0,0,0,0,0,0,0,0,0,0,0,0,0,0,0,0,5015,0,0,0,0,2399,0,0
"BUP",538,0,0,0,6571,186,0,0,0,0,0,0,0,0,0,0,332,0,0,0,0,0,0,0,130680,43703,0,0,0,0,0,0,0,0,0,0,0,0,0,10833,0,0,0,0,0,0,0,0,0,0,125872,442568,841750,43303,55531,0,0,2011,9003,0,69889,0,167,0,31375,0,0,4324943,0,0,0,0,0,0,0,47642,0,0,0,0,0,13071,0,0,0,148749,59472,0,0,0,105245,42998,0,111820,0,0,0,0,832,0,0,0,0,0,0,0,0,0,0,0,1515,0,0,10862,0,0,0,0,0,908,0,0,0,0,327,0,0,0,0,0,37,0,0,173120,8431,0,0,0,0,8830,2044,0,0,6180,0,0,0,259,0,0,20545,0,26329,127556,1607,4843,200601,2179,7372,0,0,17429,0,0,0,0,0,0,0,0,72573,73503,0,15119,47864,0,0,0,1130,0,9660,6417,0,0,2648,0,0,0,546486,0,15804,0,0,0,0,0,0,0,2211,23289,0,0,9277,0,0,0,0,2559,1326,0,0,0,0,0,0,0,0,0,0,54685,0,0,0,606,0,31085,0,0,0,0,0,0,0,0,0,0,0,0,3696,0,0,0,0,0,0,0,0,0,0,12897,0,43209,0,0,3388,0,0,0,0,0,0,0,0,0,0,0,0,0,0,0,0,3270,0,0,0,0,1405,2385,0
"XUT",0,0,0,0,119092,0,0,19349,0,0,3851,0,0,0,0,0,10034,0,0,888,1872,0,346,0,138333,0,0,0,0,0,0,0,0,0,5841,0,0,0,0,64882,0,0,0,0,89265,0,0,0,0,49561,0,120821,251407,5750,0,0,0,0,0,0,74592,0,0,0,9797,0,0,2534237,0,0,0,0,0,0,93769,0,0,0,0,0,0,91003,0,0,0,322429,0,0,0,0,0,0,0,74961,0,0,0,0,0,0,421,0,55875,0,4267,0,0,0,53,10586,8220,0,0,9609,0,0,0,0,0,0,0,0,0,0,0,0,0,0,0,0,1055,0,0,29829,40925,0,0,0,12809,0,14489,0,2261,2569,0,0,0,4755,0,0,1307,0,4640,0,4311,17430,0,6902,10316,0,0,42107,0,0,0,0,0,0,0,0,2372,156112,40147,0,0,9078,0,0,0,0,16035,6433,114,0,18969,0,0,0,284761,1702,4602,0,0,0,9032,8731,0,0,0,0,2568,0,0,0,0,0,0,6679,0,0,0,0,0,0,0,0,0,0,0,0,0,0,0,4579,0,0,1699,131,87760,0,0,0,0,0,0,0,0,0,55719,0,0,0,0,0,0,0,1988,0,0,0,0,1550,0,0,7844,0,0,0,0,0,0,0,0,0,0,0,0,0,0,0,0,350,0,0,899,0,0,133142,0
"GWW",0,0,0,0,3415,0,0,0,0,0,0,0,0,0,0,0,3117,0,0,0,0,0,0,0,0,0,0,0,0,30592,0,0,0,0,0,0,0,67421,0,0,0,0,0,751,0,0,0,0,0,60995,0,127412,226075,46705,85158,0,142,1327,1114,0,28272,0,0,0,17892,0,0,3158459,0,0,0,0,0,0,0,0,0,0,0,0,0,0,2901,0,0,124740,4594,0,0,0,52664,0,0,22635,3879,0,0,1108,0,0,0,2078,1669,0,7154,0,0,0,0,0,5428,0,0,0,0,0,0,0,632,1924,0,1770,0,0,268,0,0,0,0,0,0,0,0,31084,167,0,0,0,9914,0,0,0,0,1670,0,0,0,0,0,0,13212,0,1200,0,524,4342,0,585,1457,0,0,17254,0,0,0,0,0,0,0,37334,37371,233440,6215,0,2363,0,0,1404,0,0,4235,29,3379,0,23235,0,0,0,189745,0,662,0,0,0,0,0,0,0,154731,9373,0,0,3434,0,0,0,0,137,0,0,0,0,0,0,0,0,0,0,0,472,0,42947,0,14497,0,0,0,0,0,0,0,99968,0,0,0,0,0,0,0,0,0,0,0,0,0,0,0,0,0,0,0,40953,0,1047,151,0,0,0,0,0,0,0,0,0,0,0,0,0,0,0,0,1425,0,0,0,0,2995,68948,0
"OOA",0,63,0,0,5080,0,0,0,1315,0,2658,678,0,0,0,0,5975,0,0,0,0,0,0,0,17765,78,0,22434,29532,49470,0,0,0,0,0,14996,0,6457,0,41485,0,0,0,0,0,0,0,0,0,0,14739,17702,21452,0,6777,0,0,0,2350,0,18777,0,0,0,26638,0,0,2431066,0,0,0,0,0,0,0,0,0,0,0,0,0,0,0,0,0,141102,0,0,0,0,46077,0,0,34395,0,174,0,0,0,0,0,1002,0,0,0,0,0,0,0,2083,2849,0,0,0,0,0,0,0,0,0,0,0,0,0,683,0,0,0,0,0,0,526,0,11325,3345,0,0,10206,2682,0,293,124,673,3914,0,0,0,0,0,0,12075,0,7093,0,1542,9164,1288,983,5335,0,0,11058,0,0,0,0,0,0,0,28113,25557,82041,336,82464,36118,1009,0,0,1216,0,15057,10538,2037,0,766,0,0,0,212234,0,114,0,0,0,0,2876,0,0,0,0,0,3398,22761,0,2229,0,0,0,0,0,0,0,0,0,0,18327,0,0,0,7469,0,3166,115,1326,0,0,0,0,0,0,0,27320,0,0,0,17609,672,0,0,0,16922,0,0,0,0,0,0,0,0,1952,0,1583,0,0,0,5321,0,0,0,0,0,0,9942,0,0,0,0,0,0,0,0,607,0,0,535,0,0,107,0
"DTV",0,0,0,0,0,0,0,0,3491,0,0,0,0,0,0,0,556,0,0,0,0,0,0,0,1047,0,11493,0,0,84569,7592,0,0,0,0,0,30786,0,0,28531,4192,5428,0,30895,0,0,0,0,0,0,85036,152000,23156,200,7581,0,0,4795,1590,0,4953,0,0,0,0,0,0,23455,0,0,0,0,0,0,0,0,0,0,0,0,0,5602,18798,0,0,40556,17603,0,0,0,124598,0,0,2184,0,0,0,0,0,0,0,0,0,0,0,0,0,0,0,0,0,0,0,0,0,0,0,0,0,0,0,6242,0,0,0,0,0,0,0,0,6740,0,0,25895,0,0,0,0,0,161,6443,0,0,5479,0,0,0,0,0,0,1607,0,0,35826,0,755,0,0,6936,0,0,6277,0,0,0,0,0,0,0,0,6643,6963,49754,0,644,0,2413,0,4470,0,1601,4640,0,0,18459,0,0,0,134278,0,1608,0,0,0,0,1082,0,0,0,15078,0,3413,429,0,2068,0,0,1786,0,0,0,0,0,0,0,0,0,0,0,25335,0,0,956,0,0,0,0,0,0,1854,42,0,0,0,0,0,0,0,0,0,0,0,0,0,0,0,0,0,0,0,0,27822,0,0,7777,23191,0,0,0,0,0,0,0,0,0,0,0,0,0,0,0,373,0,0,0,0,589,72678,0
"ENP",0,0,0,0,18693,0,0,0,0,0,0,0,0,0,0,0,11064,0,0,211,1604,0,0,0,0,0,0,71681,0,0,0,0,0,0,0,10219,0,0,0,6068,0,0,0,0,0,0,0,0,0,15813,12997,18704,55011,6365,9232,0,0,0,4986,0,11555,0,0,129,9585,0,0,6179957,0,0,0,0,0,0,0,0,0,0,160087,0,0,1903,0,0,0,13768,7052,0,0,0,50667,0,0,84188,0,0,0,0,0,0,0,166,0,0,0,0,0,0,0,1716,17717,0,0,0,0,0,0,0,0,0,0,0,0,0,0,0,0,0,0,0,0,0,0,32420,6959,0,787,53331,0,0,0,0,2206,13285,0,0,0,10140,0,0,0,0,3618,0,1665,3392,168935,2002,38400,0,0,28301,0,0,0,0,0,0,0,105846,33188,52751,7078,4043,6527,0,0,0,0,0,26786,3075,0,0,4459,0,0,0,141880,0,3755,0,0,0,0,0,0,0,0,8201,0,0,1738,0,0,0,0,0,0,0,0,0,0,0,0,133,0,0,0,4529,0,0,0,1403,0,0,0,1509,0,0,0,0,2543,2335,2614,0,0,0,0,0,0,0,0,0,0,0,0,0,0,0,0,0,0,0,0,1899,0,0,0,0,0,0,0,0,0,0,0,0,0,0,0,952,0,0,0,0,0,0,0
"AHC",0,0,0,0,14066,0,0,0,0,0,0,92,0,0,0,0,0,0,0,0,0,6011,483,0,159077,292,0,0,0,0,0,0,0,0,0,0,0,0,0,18560,0,0,0,0,0,0,0,0,0,0,21651,96172,1896674,36148,11437,0,0,0,0,0,0,0,0,0,146392,0,0,0,0,0,0,0,0,0,0,0,0,0,0,0,0,3975,0,0,0,41203,57,0,0,0,52812,0,0,18460,0,0,0,0,0,0,0,0,0,0,0,0,0,0,0,1035,11500,0,0,0,0,0,2825,0,0,0,0,0,0,0,0,0,0,0,0,0,0,1914,0,198226,15670,0,0,0,0,0,61300,0,351,30285,0,44,0,0,0,0,26408,9518,1308,0,0,0,0,1283,6027,0,0,6803,912,0,775,674,0,1429,0,244027,44823,158872,0,372501,65503,0,0,0,0,0,0,0,2158,0,0,0,0,0,180391,31131,0,0,0,0,0,0,190,0,1149,6396,0,0,0,0,0,0,0,4462,0,0,0,0,0,0,303,0,1272,0,10090,0,0,0,0,0,0,0,0,0,0,0,0,0,0,0,0,0,0,263,28446,0,0,0,0,1180,4572,2859,1748,0,538,0,0,1014,0,0,0,0,0,0,0,0,0,0,51479,0,0,0,0,0,0,0,0,50731,0,0,7616,30339,121,12347,0
"EOT",7910,3164,0,0,22097,0,0,8580,0,0,3314,0,0,0,0,0,16870,0,0,1811,4064,0,0,0,28052,0,0,0,0,0,13211,5144,0,18250,0,20788,0,41199,0,45832,61916,0,0,62778,0,0,2251,0,3386,52044,0,262772,292969,0,63998,20267,0,17230,7883,0,68896,0,0,0,7615,0,0,5100877,0,0,0,0,2067,0,0,0,0,0,0,0,0,1579,23806,0,0,336169,21852,0,0,0,118616,0,0,51792,0,0,0,0,0,0,0,0,1023,0,0,0,0,0,0,390,10065,0,0,2014,0,0,0,0,0,0,0,0,0,0,0,0,0,0,0,0,794,3193,0,25143,15572,0,0,0,0,0,0,0,7875,1953,0,0,0,4958,0,0,798,0,13519,0,3761,42631,281313,7084,37544,0,0,132275,0,0,0,0,0,0,0,176687,278556,67681,210751,0,8683,0,0,0,0,0,63789,0,0,0,4053,0,0,0,398482,1831,0,0,0,0,0,54523,0,51,1391,0,0,0,0,0,0,0,114775,3110,0,0,0,0,0,0,0,0,0,0,0,66783,0,4102,0,0,0,476,0,1341,0,0,0,292656,0,0,0,903,196169,0,0,0,0,0,0,0,0,0,0,0,0,3419,0,9422,0,302,1788,0,0,0,0,0,0,0,0,0,0,0,0,0,0,0,0,2534,0,0,1377,0,30,284391,203897
"HFF",734,0,0,0,17915,0,2692,0,0,0,2241,0,0,0,0,0,46912,0,0,1604,4790,0,3026,0,83991,0,0,0,9072,0,0,0,0,0,0,1471,0,0,0,72063,0,0,0,74848,0,0,0,0,0,0,61070,0,338115,20686,100362,12270,0,0,27836,0,84452,0,0,658,16680,0,0,1927161,0,0,0,0,0,0,0,0,0,0,0,0,0,8908,32440,33111,0,316605,20152,0,0,0,32960,0,0,98042,0,0,0,0,0,0,0,3272,0,0,0,0,0,0,0,738,1533,0,0,478,0,0,0,0,0,0,0,0,0,0,0,0,0,0,0,0,0,577,0,18187,11021,0,202,0,0,0,0,0,1198,2998,0,0,0,88,0,0,13686,805,0,0,298,18499,241265,4612,23771,0,0,24735,0,0,0,0,0,0,0,50816,51175,0,53758,0,1198,0,0,4581,0,0,30946,53960,0,0,3498,0,0,0,189578,55,2293,0,0,0,0,0,0,0,19106,0,0,0,0,0,0,0,0,5653,0,0,0,0,0,0,0,0,0,0,0,49099,0,0,0,0,0,10816,0,0,0,0,0,0,10352,11372,9359,0,0,0,33534,0,0,0,0,0,0,0,0,0,0,0,0,2503,0,143,0,0,0,0,0,0,0,0,0,0,0,0,0,0,0,0,0,0,0,0,526,0,34166,0,0
"ANI",1421,0,0,0,9729,0,0,0,0,0,0,0,0,0,0,0,7226,0,0,61,1839,0,0,0,3690,0,0,0,7887,2175,0,29107,0,0,0,0,239,0,0,42980,0,0,0,0,0,0,0,0,0,5427,0,21713,61617,1578,3368,0,0,0,0,0,4081,0,0,0,543,0,0,3710229,0,0,0,0,0,0,10004,0,0,0,0,0,0,0,0,0,0,701,2151,0,0,0,13610,0,0,30388,0,0,0,0,0,0,0,0,0,0,0,0,0,0,0,0,0,0,0,617,0,0,0,0,0,2879,0,5606,2264,0,0,0,0,0,0,31772,0,0,0,879,3960,0,302,9094,0,0,2083,0,0,4000,0,0,0,1159,0,0,8092,0,3276,5726,1783,5663,334,415,7122,0,0,25955,0,0,0,0,0,0,0,0,12970,20892,34472,7826,2107,54,0,0,208,0,14378,2339,0,0,4806,0,0,0,243961,0,1401,0,0,0,0,9041,0,0,0,15688,0,0,3898,290,0,0,0,0,17207,0,0,0,0,0,0,0,0,0,0,4746,0,2722,0,260,0,677,0,0,0,0,0,68184,0,0,0,652,218,96,0,0,0,0,0,0,0,0,0,0,0,0,0,0,0,0,0,0,0,0,0,0,0,0,0,0,0,0,0,0,0,0,0,0,0,0,0,0,0,15108,0
"XYU",0,0,0,0,8778,0,0,0,12363,0,256,729,0,0,0,0,7927,0,0,0,0,0,0,0,0,0,0,0,0,74587,0,0,0,2796,0,0,478,0,0,11956,87109,0,0,0,0,0,0,0,0,22339,0,72183,88203,8119,14992,0,0,1021,372,0,8719,0,0,2905,8999,0,0,6424196,0,0,0,0,0,0,0,0,0,0,0,0,0,2412,0,0,0,183802,5328,0,0,0,78168,0,0,104380,0,0,0,0,0,0,0,0,0,0,0,0,0,0,0,0,63,0,0,284,0,0,0,0,0,0,0,0,0,0,0,0,0,0,0,0,0,722,0,54586,1198,0,0,0,0,0,0,0,8789,1084,0,0,0,813,0,0,1366,0,5161,0,0,28327,47147,547,4303,0,0,32582,0,0,0,0,0,0,0,0,66169,0,0,0,6026,0,0,0,0,0,2373,12123,0,0,0,0,0,0,104812,0,6420,0,0,0,0,0,0,0,5642,2973,0,0,31,523,0,0,0,0,0,0,0,0,0,0,0,517,0,0,0,0,0,0,0,4430,0,0,0,0,0,0,0,196211,5577,0,1351,0,0,0,0,0,0,0,0,0,0,0,0,0,0,0,0,0,1475,0,551,0,0,0,0,0,0,0,0,0,0,0,0,0,0,0,0,0,0,0,0,0,0,0,0
"AZK",0,0,0,0,0,0,0,0,0,0,0,0,0,0,0,0,7734,0,0,0,0,0,0,0,119300,0,14442,0,0,0,7318,0,0,67011,40264,0,25336,150614,2685,210682,0,0,0,0,0,0,0,0,0,0,145670,160798,1021805,99096,101641,0,592,0,0,0,68330,0,0,0,0,0,0,6119570,0,0,0,0,0,0,63778,0,0,0,0,0,0,48248,0,0,0,0,1087,0,0,0,75972,0,0,33036,0,0,0,0,0,0,0,0,0,0,0,0,0,0,0,0,0,0,0,0,0,0,0,0,0,0,0,8034,0,2395,1024,0,0,0,0,0,0,0,0,160388,3199,0,0,0,0,0,71999,0,0,8939,0,0,0,12695,0,0,0,1659,20788,0,866,3044,0,2689,4709,0,0,25553,0,0,0,0,0,0,0,0,0,0,34603,144286,2945,0,0,0,0,0,22491,0,0,0,1164,0,0,0,362440,1244,333,0,0,0,0,0,0,0,2375,0,0,0,0,0,0,0,0,0,0,0,0,0,0,0,0,5205,0,0,0,44,0,0,0,2666,0,0,0,0,0,345,0,0,18916,0,0,1125,0,0,0,0,0,0,0,0,0,0,0,0,0,0,0,0,360,0,1061,0,0,0,0,0,0,0,0,61562,0,0,3147,108507,0,0,5409,0,0,72,0,0,0,4202,0
"OWG",0,0,0,0,0,0,0,0,9851,0,9362,0,0,0,0,0,4421,0,0,0,323,0,0,877,94982,5062,0,245333,0,0,0,0,0,0,1804,0,0,74645,0,14337,0,0,0,1265,0,0,0,0,0,644740,19637,454228,682589,749,75577,1489,0,0,149,0,83441,0,0,3651,39671,0,0,0,0,0,0,0,0,0,0,0,0,0,0,0,0,15228,1528,0,0,32636,25152,0,0,0,83370,0,0,0,0,0,0,0,0,0,0,0,0,0,0,0,0,0,0,0,1880,0,0,0,0,0,0,0,0,3317,0,0,0,0,0,0,0,0,0,0,0,0,2789,52058,2543,0,0,28931,0,0,7603,0,1441,1923,0,0,0,0,0,0,11304,0,9087,0,2605,6955,11453,1702,3290,0,0,29044,0,0,0,0,0,0,0,49992,38433,51874,831,25111,7110,0,0,0,0,0,24119,9052,1089,0,783,0,0,0,477371,0,408,0,0,0,0,296,0,0,624,59098,0,0,10778,0,0,0,0,4723,0,0,0,0,0,0,0,0,0,0,0,1650,0,1110,0,1272,0,0,0,0,0,24417,0,0,0,0,0,0,0,0,0,0,0,0,0,0,2957,0,413,0,0,3230,0,22129,0,1673,0,0,0,0,0,0,0,0,0,0,0,0,0,0,0,0,0,8593,0,0,0,0,422,14629,0
"MIV",0,0,0,0,6642,0,0,11320,0,0,3546,0,0,0,0,0,21585,0,0,269,1316,0,0,0,72761,0,2958,0,0,158695,210,0,0,0,0,0,0,24254,0,37103,101464,0,0,0,0,0,0,0,0,6002,120742,74711,90208,1234,27688,0,5663,5069,1436,0,36095,0,0,0,13373,0,0,4869797,0,0,0,0,0,0,0,0,0,0,0,0,0,5855,4212,0,0,127370,14742,0,0,0,42792,0,0,126111,0,0,0,0,0,0,0,0,0,209,0,0,0,0,0,0,0,0,0,4878,0,0,0,0,0,7564,0,0,0,0,0,0,0,0,0,0,1373,539,0,114371,25739,0,5343,9147,0,0,0,0,2167,8157,0,0,0,9012,0,0,4418,0,13339,0,0,12775,95920,2796,13544,0,0,38201,0,0,0,0,0,0,0,0,99333,0,1356,28471,64933,0,0,0,0,0,6088,2717,0,0,4466,0,0,0,407127,5465,6432,0,0,0,0,0,0,0,0,59017,0,0,0,0,0,0,0,2415,0,0,0,0,0,0,0,256,0,0,0,0,0,0,0,1057,0,0,0,0,0,1870,0,0,3488,0,3633,0,0,0,7146,0,0,0,0,0,0,0,0,0,0,0,0,0,123,0,1284,0,4586,0,0,0,0,0,0,0,0,0,0,0,0,0,0,2279,0,0,0,122,0,70,0
"LQV",0,0,0,0,0,0,0,0,0,0,46549,16621,0,0,0,0,0,0,0,0,652,1294,577,202,38382,19287,29560,0,0,1001851,0,380078,0,35020,37493,0,0,67913,6537,156286,0,0,0,0,0,0,0,0,0,174838,0,792113,131915,44976,227703,0,14178,0,0,0,97076,0,0,0,0,0,88,0,241,0,0,0,0,0,0,0,0,0,0,0,0,501224,0,0,0,492364,26379,0,0,0,81948,0,8627,17918,0,0,0,0,0,0,0,0,0,0,0,0,0,0,0,0,0,0,0,2763,0,0,0,0,0,0,0,0,0,0,4126,0,0,4026,0,0,2752,8207,0,156422,4135,0,0,53757,0,0,5604,0,0,71755,0,0,0,3735,0,0,176697,0,0,0,12635,1400,92308,3436,24246,9120,0,106185,857,16609,0,1116,0,0,124,0,791174,59946,0,285428,168532,0,0,0,0,0,0,0,9101,0,43775,0,0,0,590313,17429,0,0,2728,0,0,0,0,0,42032,145317,0,0,0,0,0,0,0,14377,0,0,0,0,0,0,0,0,0,0,0,0,0,0,0,61465,0,0,0,0,0,45648,0,0,0,0,0,0,0,0,7500,0,0,0,0,0,1090,260,0,0,0,0,0,0,1440,0,12082,0,0,0,0,0,0,0,0,0,0,0,0,0,0,0,0,7025,0,0,0,0,0,0,0
"VAB",0,0,0,0,808,0,0,0,15795,0,1760,0,0,0,0,0,16691,0,0,914,1651,0,0,0,18625,316748,40326,208320,0,99376,0,0,0,0,0,0,0,123539,0,1011,235148,6781,0,0,0,0,0,0,0,0,31880,403194,379335,31358,38464,8335,1595,10813,4024,0,199478,0,0,0,0,0,0,0,0,0,152016,372923,0,0,0,0,0,0,0,0,0,0,250,0,0,68278,3899,0,0,0,32509,0,0,23619,0,0,0,0,0,0,0,1207,0,0,0,0,0,0,0,301,1333,0,0,11986,0,0,0,0,0,11233,0,0,0,0,0,0,0,0,0,0,0,0,0,218495,15520,0,1346,0,0,0,0,0,660,54816,0,0,0,14856,0,0,14829,1804,65594,1070,0,11683,49472,16397,18763,0,0,156362,0,0,0,0,0,0,0,1342,5198,0,0,0,1008,0,0,806,0,0,16129,11828,0,0,10278,0,0,0,412997,0,13091,0,0,0,0,0,0,0,13714,13233,0,0,0,0,0,0,0,0,0,0,0,0,0,0,0,0,0,0,0,720,0,0,0,3850,0,0,0,0,0,0,0,0,0,0,0,0,0,670,0,0,404,0,0,1172,0,154,633,0,0,0,0,24582,0,15095,3355,0,0,0,0,0,0,0,0,0,0,0,0,0,0,0,0,9761,35,0,0,0,75957,0,0
"TRG",0,0,0,0,158350,0,0,83877,0,0,0,0,0,0,0,0,0,0,9041,0,0,6996,1991,0,110017,0,0,0,0,3827308,0,0,0,0,57155,0,0,0,0,178754,0,0,0,0,0,0,0,0,0,0,1094015,2045,0,951473,183863,0,0,1917,1317,0,31393,0,0,0,0,0,0,0,0,0,0,0,0,0,0,0,0,0,0,0,0,67119,0,3261,0,0,0,0,0,0,1091020,0,0,0,0,0,0,0,0,0,0,0,0,0,0,0,0,0,0,0,1053,0,0,0,0,0,0,0,0,0,0,0,0,0,9443,0,0,8167,0,0,0,278,0,0,157567,0,0,0,0,189861,47314,0,5325,22841,0,0,0,202079,1548,17521,105788,68390,0,0,0,0,0,0,72943,0,0,173927,26271,3309,26913,8091,0,4125,0,0,0,1026460,0,255089,0,0,0,0,0,0,0,0,11475,0,18706,0,0,0,1914,75591,0,0,0,0,0,0,0,0,0,185071,0,0,0,0,0,0,0,5749,0,0,1632,0,2720,0,0,0,0,0,238,0,0,0,0,0,0,0,0,0,0,0,0,0,0,0,0,0,0,0,6271,0,0,0,0,0,0,0,0,0,0,0,0,0,0,0,6121,0,0,0,0,0,0,0,13369,0,0,0,0,0,0,0,0,375,0,0,0,0,0,373931,0
"SDP",14868,0,0,0,0,0,0,0,0,0,11617,0,0,0,0,0,19364,90,0,1724,0,0,1470,0,77814,0,327,48667,0,0,10919,0,0,1660,0,0,0,0,0,15803,370498,0,0,66436,0,0,0,0,0,1256,9430,61509,242968,0,33056,0,0,1079,3012,0,40024,0,0,2557,52345,0,0,4354718,0,0,0,0,0,0,0,0,0,0,0,0,0,0,607,0,0,60241,2154,0,0,0,90149,0,0,48380,0,0,0,0,0,0,0,10875,0,0,0,0,0,0,0,0,1571,0,0,0,39,0,0,0,0,1589,0,0,0,0,0,0,0,0,0,0,3262,0,0,23378,11286,0,6674,25957,0,0,140,0,123,21318,0,0,0,594,0,0,9562,0,3825,0,2604,10356,155723,9415,26642,0,0,30630,0,0,0,0,0,0,0,104512,0,180419,15719,10379,10989,0,0,0,0,0,75164,7539,0,0,7175,0,0,0,278016,0,20800,0,0,0,0,9646,0,0,7041,30355,0,22989,57260,0,0,32356,0,281,0,0,0,0,0,0,629,0,0,0,0,30071,0,0,0,0,0,1950,0,0,0,25943,0,0,0,0,0,0,0,0,28834,0,0,0,0,0,0,0,0,0,0,4325,0,17711,0,0,6290,55179,0,0,0,0,0,0,405,0,0,0,0,0,0,0,0,0,0,0,0,0,121,179455,0
"DRR",0,0,0,0,10548,0,0,10302,0,0,4786,571,0,0,0,0,5319,0,0,0,0,0,0,0,39401,0,0,0,0,0,0,17161,0,0,0,0,0,0,0,7861,1325025,0,0,4239,4583,0,0,0,0,0,0,318309,229574,11843,48061,0,0,36363,4098,0,58351,0,0,4152,11686,0,0,0,0,0,0,0,226,0,0,0,0,0,0,0,0,3088,3742,2177,0,355898,7255,0,0,0,281708,0,0,88965,0,0,0,0,0,0,0,0,0,0,0,0,0,0,0,0,0,0,0,0,0,0,0,0,0,0,0,0,0,0,0,0,0,0,0,0,0,6156,0,26092,4362,0,0,0,4505,0,3449,0,10745,660,0,0,0,16283,0,0,1489,0,0,0,0,7518,67560,1372,11871,0,0,74489,0,0,0,0,0,0,0,56342,323594,91552,0,219540,157502,0,0,0,0,0,14481,1901,0,0,1242,1168,0,0,398383,9245,1525,0,0,0,347,19642,0,0,1557,43500,0,0,32,0,0,0,0,7861,0,0,0,0,0,0,0,545,0,0,0,4783,0,0,0,1055,0,0,0,3811,0,0,47708,0,0,0,0,113,0,0,0,0,0,0,907,0,0,0,3762,0,0,0,0,0,0,0,2398,0,5367,0,0,0,0,0,0,0,0,0,0,0,0,0,0,0,0,0,0,0,0,1419,0
"XXX",4235,0,0,0,46015,0,0,4964,6807,0,9083,0,0,0,0,0,3497,0,0,0,0,0,335,2460,40122,0,3209,0,0,142236,181144,174817,0,0,0,0,0,34634,0,162535,0,26217,0,0,0,0,0,0,0,0,257,735803,336949,4250,231025,38099,3818,324,6213,1204,57717,0,0,11410,24723,0,0,0,0,0,0,0,0,0,0,0,0,0,0,0,0,21403,9247,8620,0,215114,95119,0,0,0,120893,0,28547,0,0,0,0,0,0,0,0,0,0,0,0,0,0,0,0,0,0,0,0,0,0,0,0,0,0,1661,634,0,0,0,330,0,0,0,0,0,376,0,0,51936,2807,0,787,0,0,0,5297,0,1821,62100,0,0,0,0,0,0,29903,0,4426,0,40,23429,33758,4640,30605,0,0,35845,0,0,0,0,0,0,0,0,4172,57629,10343,11610,34546,0,0,3499,0,0,93295,14144,225,0,21014,0,0,0,301498,0,7139,0,0,0,0,0,0,0,154,50688,0,14453,18266,0,0,0,0,5304,0,0,0,0,0,0,0,587,0,0,0,41522,0,719,0,5797,0,13278,0,0,0,0,0,0,0,0,0,0,0,0,8009,0,0,0,0,0,0,0,502,0,0,2873,0,6890,0,0,4856,0,0,0,0,0,0,0,0,0,0,0,0,0,0,0,0,0,0,0,0,0,0,52074,0
"TVK",3197,0,0,0,4605,0,0,0,0,0,14668,0,0,0,0,0,0,0,0,945,2994,0,0,1688,181345,0,0,0,0,4706,0,169198,46044,48171,0,0,25259,0,0,43405,114737,0,0,13145,0,0,121010,60219,39,87000,555,82532,739115,0,81662,3812,0,3397,15492,0,80774,0,803,0,0,0,0,0,0,0,0,0,59,0,0,0,0,0,0,0,0,22658,45,0,0,179051,6671,0,0,0,57098,0,0,39894,35482,0,0,0,0,0,0,1188,0,0,0,0,0,0,0,0,0,0,0,0,0,0,0,0,0,0,0,0,0,0,0,0,0,0,0,0,0,21411,0,12532,5168,0,3637,0,0,0,0,0,2680,13032,0,0,0,6498,0,0,1814,0,12438,0,2089,15103,0,7315,12777,0,0,23588,0,0,0,0,0,0,0,41337,43576,0,0,0,61621,0,0,0,0,0,15260,27434,0,0,6732,0,0,0,270673,1647,2297,0,0,0,0,41807,0,0,1276,0,0,0,38184,0,0,0,0,0,0,0,0,0,0,0,2696,0,0,0,0,5744,0,0,0,0,0,0,0,0,0,0,0,50163,0,0,0,0,0,0,0,0,0,0,0,0,0,0,0,0,0,0,0,3780,135,0,0,0,0,0,0,0,954,0,0,0,0,0,0,0,0,0,0,0,0,0,0,0,0,36717,0
"JGT",3171,0,0,0,0,0,0,7435,8307,0,15704,0,0,0,0,0,4974,317,0,359,770,0,0,0,207793,0,0,0,0,0,0,0,0,0,0,0,0,39899,0,80900,390691,0,46423,49412,0,0,0,0,0,165964,35900,162080,1221065,0,141653,6449,12641,0,10829,0,92401,0,0,0,0,0,0,0,0,0,0,0,0,0,0,0,0,0,0,0,0,8558,0,0,0,347574,20903,202835,0,0,42092,0,0,78187,0,0,0,0,0,0,0,0,0,0,0,0,0,0,0,312,4062,0,0,0,0,0,0,0,0,0,0,0,0,0,6036,0,0,0,0,0,0,1093,0,56211,44239,0,4787,0,0,0,0,0,12416,36994,0,0,0,23499,0,0,7013,0,40760,0,7760,33232,10359,7357,26301,0,0,149594,0,0,0,0,0,0,0,0,1250,130728,2450,244269,717,0,0,0,0,0,36237,3793,0,0,4527,0,0,0,586321,4127,1128,0,0,0,0,27999,0,0,134423,0,0,2316,0,0,0,0,0,8869,730,0,0,0,0,0,0,0,0,0,204,8971,0,1903,0,9369,0,0,0,0,0,35832,0,0,0,0,0,8426,660,0,4370,0,0,0,0,764,797,84,3405,0,0,3201,0,2605,0,0,4837,0,2297,0,0,0,0,0,0,0,0,0,0,0,0,0,0,5589,0,0,0,0,0,0,0
"CAU",0,0,0,0,39621,0,0,1897,0,0,0,0,0,0,0,0,35556,0,0,4625,15181,93,778,0,18465,12993,0,0,0,231482,0,0,0,29143,0,36550,0,19529,0,3065,0,0,0,15476,0,0,0,0,0,491496,39241,515489,458358,34944,0,544,28757,1464,2460,0,113593,0,0,0,55982,0,0,0,0,0,0,0,857,0,0,0,0,0,0,0,0,81538,19390,0,0,221799,1305,0,0,0,74586,12304,0,135303,0,0,0,0,0,0,0,0,0,0,0,0,0,0,0,0,0,0,0,0,0,0,0,0,0,0,0,0,0,0,32883,0,0,0,0,0,9646,5118,0,49121,25744,0,2300,0,0,0,0,0,10540,20931,0,0,0,14852,0,0,2683,0,13923,0,11670,50947,0,5860,21640,0,0,78749,106,0,0,0,0,0,0,162347,177009,0,4268,17150,17890,0,0,0,0,0,46226,0,0,0,3501,0,7416,0,499080,13010,733,0,0,0,0,5550,0,0,150364,106227,0,0,17762,2544,0,0,0,2262,0,0,0,0,0,0,0,772,0,0,0,0,0,0,0,5459,0,9706,0,0,0,0,49847,0,0,0,0,0,0,0,11081,0,0,0,0,0,0,0,0,0,0,0,0,0,0,0,0,0,0,0,0,0,0,0,0,0,0,0,0,0,0,0,0,0,0,0,0,0,0,90484,0
"ASY",0,0,0,0,50878,0,0,16324,0,0,2215,0,0,0,380,0,25158,0,0,3222,7849,0,0,1662,13062,0,0,0,0,15875,0,52206,0,11630,0,0,0,61546,0,5294,0,626,0,0,0,0,0,0,0,144170,15662,555497,289595,83242,73937,0,5127,4298,42854,0,39393,0,0,0,36221,0,0,567043,0,0,0,0,0,0,0,0,0,0,0,0,0,336,2629,0,0,256379,3080,0,0,174,66530,0,0,43060,0,0,5170,0,0,0,0,865,0,0,0,0,0,0,0,0,1895,0,0,2014,0,0,0,0,0,0,0,0,0,0,355,0,0,0,0,0,0,4231,0,8023,31187,0,322,0,0,518,0,0,7067,5079,0,0,469,38281,0,0,29334,0,46572,0,2569,11393,27577,8416,26029,0,0,79810,0,0,0,0,0,0,0,194655,44513,0,0,0,145903,7824,0,0,0,0,20528,2450,0,0,6764,0,0,170130,521603,1475,5457,0,0,0,0,0,0,0,3446,207081,0,0,0,0,12189,0,0,4803,0,0,0,0,0,0,0,0,0,0,0,60021,0,0,0,0,0,0,0,0,0,0,156165,0,0,0,0,0,0,0,0,0,0,0,0,0,0,0,0,0,0,1354,0,3373,0,0,3014,16085,0,863,0,0,0,0,0,0,0,0,0,0,0,0,0,0,0,0,0,0,0,0,0
"MHR",5152,0,0,0,17661,0,0,0,0,0,2394,0,0,0,0,0,23654,0,0,0,1409,0,0,2474,147087,7415,25857,0,0,529114,44332,63358,65359,5061,0,0,0,11989,0,40508,0,43718,0,14089,0,0,0,87326,0,53299,7212,634331,634006,17991,47889,0,0,16838,8275,0,47416,0,2210,0,37789,0,0,107589,0,0,0,0,0,0,0,0,0,0,0,0,127361,3494,0,0,0,185445,27220,0,0,0,89580,16623,20341,74548,0,0,0,0,0,0,0,3803,0,0,3094,0,0,0,0,0,152,0,0,0,0,0,0,0,0,0,0,0,0,0,6191,0,0,0,0,0,0,10946,0,209518,34827,0,1985,0,11504,0,6787,0,9203,7202,0,0,0,66546,0,0,8848,0,28631,0,6566,31631,208163,6336,40571,0,0,80821,0,0,0,0,0,0,0,45491,473960,5874,0,17555,5133,0,0,0,0,0,28639,22417,0,0,21455,2272,0,0,516297,1045,12160,0,0,0,654,0,0,0,0,0,1026,0,17448,7633,0,0,0,13993,0,0,0,0,0,0,922,0,342,0,0,9808,0,18172,0,4316,0,3320,0,0,0,37530,0,0,0,0,0,0,0,0,0,0,0,0,0,0,0,0,0,0,0,0,0,2195,720,0,5458,40428,29225,0,0,0,0,1902,1139,0,0,0,0,0,0,0,0,0,0,0,0,0,0,26785,0
"MUX",0,0,0,0,0,0,0,0,0,60858,0,0,3724,0,0,0,0,0,0,0,0,2853,0,0,401507,0,0,0,0,0,0,154836,56310,0,215940,0,0,0,0,644992,0,0,0,0,0,0,0,0,0,0,38827,1796846,1630330,0,77189,0,0,0,18967,0,78658,0,0,0,0,0,0,0,0,0,0,0,0,0,0,0,0,0,0,0,0,0,0,0,0,142597,12218,0,0,0,0,0,0,0,0,0,0,0,0,0,0,0,0,0,0,0,0,0,0,0,0,0,0,0,0,1214,0,0,0,0,0,0,0,0,0,0,0,0,0,0,0,0,0,0,0,0,0,77742,0,0,50881,0,0,63890,0,0,0,0,455,5014,204053,270251,0,0,0,0,0,0,0,0,6931,0,16531,0,42384,0,0,56738,0,0,0,0,0,0,0,0,0,0,0,446,0,0,0,0,0,2675,19889,0,3150,66166,0,1714,0,0,0,0,0,0,82332,77917,0,0,0,0,0,0,0,10782,0,634,8080,0,6250,0,0,0,0,429,0,0,0,0,0,46666,2569,0,0,0,0,1836,0,0,0,0,0,0,0,0,771,0,0,0,0,0,0,0,0,0,0,0,0,0,0,0,0,0,0,0,0,0,0,0,19220,0,0,0,0,0,0,0,0,0,0,0,0,0,0,109882,0
"HNZ",0,0,0,0,48915,0,0,0,0,0,14336,1385,0,0,0,0,22847,0,0,3383,9023,0,215,0,3509,0,0,0,0,234485,0,0,0,128472,28823,2427,0,0,0,1207041,0,0,0,0,1086104,0,0,0,0,0,68169,758317,2439216,0,0,0,7638,5735,5703,0,128609,0,0,0,0,0,0,0,0,0,0,0,0,0,0,0,0,0,0,0,0,498414,0,0,0,459216,11028,0,0,0,0,0,0,19003,0,0,0,439,631,0,0,774,0,0,0,0,0,0,0,0,0,0,0,1441,0,0,0,0,0,0,0,0,0,0,4998,0,0,0,0,0,0,982,0,39297,23175,0,107,0,0,0,67494,0,8594,4169,0,0,0,4670,0,0,842,0,6407,0,3620,16351,0,7818,49273,0,0,64671,0,0,0,0,81,0,0,41040,19165,0,0,144050,0,0,0,0,0,0,11734,0,1124,0,4548,0,0,0,327196,10465,3684,0,0,0,0,0,0,0,94773,0,1233,0,26180,3392,0,0,0,844,0,0,0,0,0,0,309,0,0,0,623,0,0,0,0,6682,0,0,0,0,0,0,0,0,0,0,0,0,0,0,10411,0,0,0,0,0,0,0,0,0,0,0,0,0,0,0,7142,0,0,0,0,0,0,0,17016,0,0,0,0,0,0,608,0,0,0,0,0,0,0,0,0
"MCF",1574,0,0,0,53341,0,0,3226,37854,0,45663,0,0,0,0,5999,66404,0,0,3783,869,0,0,0,40002,0,0,0,0,852120,0,714777,644313,0,0,0,17148,53367,4905,367049,0,0,0,0,0,0,0,0,0,210484,10385,1090180,1836337,6924,20344,0,0,22638,3280,0,61638,0,0,3964,76558,0,0,0,0,0,0,0,0,0,0,0,0,0,0,0,0,12516,454,42195,0,627364,53166,0,0,0,147464,0,0,437524,0,0,0,0,0,0,0,0,0,0,0,0,0,0,0,0,1434,0,0,360,0,0,0,0,0,0,0,0,0,0,0,0,0,0,0,0,2924,1109,0,71805,18183,0,0,0,0,3546,0,0,39832,6356,0,0,0,29475,0,0,11058,0,3602,0,2298,3519,0,7530,14967,0,0,128074,0,0,0,0,0,0,0,0,20232,854340,3324,147450,34521,3693,0,0,0,0,4275,0,0,0,11865,0,0,0,910611,5473,990,0,0,0,0,5185,1649,0,283041,150279,0,0,0,0,0,0,0,3925,0,0,0,0,0,0,0,0,0,0,0,0,0,0,0,18905,0,0,0,223778,0,0,0,0,0,0,0,0,0,0,0,0,0,0,0,0,0,0,0,0,0,0,0,6105,0,0,6473,0,0,0,0,0,0,0,49171,0,0,0,0,0,0,0,0,0,0,0,0,0,0,0,0
"WKR",75,0,0,0,15834,0,0,9647,0,0,20727,18153,0,0,0,0,32742,0,0,1544,3336,0,0,5373,257623,0,1586,0,0,286111,439658,0,0,3806,95749,0,0,0,0,0,0,0,0,0,0,0,0,0,0,164425,115126,724018,505678,66263,78096,6521,15093,6202,9624,0,35244,0,0,0,0,0,0,0,0,0,0,0,0,0,0,0,0,0,0,0,0,0,129,3305,0,384477,17706,0,0,0,100603,0,0,130688,0,0,2859,0,0,0,0,0,0,0,0,0,0,0,0,0,33,0,0,0,0,0,0,0,0,14827,0,0,0,0,2277,0,0,0,0,0,656,12556,0,0,17775,0,2303,3430,10086,5281,23706,2653,2950,8190,0,0,0,19602,0,0,5520,0,22773,0,5277,44961,71136,2384,19020,0,0,131606,0,0,0,0,0,0,0,0,673744,43929,24959,0,69773,0,0,0,973,0,8027,5393,0,0,8710,0,0,0,1022748,6018,22785,0,361,0,0,10443,0,0,115964,1427,0,0,16431,0,0,0,0,893,0,0,0,0,0,0,0,0,0,0,1271,0,0,0,0,1037,0,0,0,0,0,0,0,0,0,0,0,28255,0,0,0,81340,0,0,0,0,0,0,0,0,0,2114,0,0,0,0,9580,0,0,0,0,0,0,0,403,0,0,0,0,7826,0,0,0,0,0,0,0,0,841,14231,0
"TLN",1368,0,0,0,892,0,0,0,2060,0,4037,0,0,0,0,0,13009,0,0,7825,11383,0,0,0,9736,199225,0,0,0,245087,102597,102326,1709,150766,0,1213,0,35880,0,38388,27206,0,0,29900,0,0,0,0,0,89860,0,982157,911759,20888,38920,3059,0,11319,26334,0,99244,0,687,0,45086,0,0,0,0,0,312080,0,1017780,0,0,0,0,378,0,0,0,47799,0,0,0,373857,19693,0,0,0,43684,0,7272,9166,244074,0,0,0,0,0,0,2200,0,0,0,0,0,0,0,1417,2587,0,0,0,0,0,0,0,0,2463,57,11489,0,0,7197,0,0,0,0,0,0,442,0,95191,19680,0,8202,0,0,0,10909,0,2764,7034,0,0,0,3176,0,0,3017,0,9923,0,1490,16483,0,11543,7932,0,0,124958,0,0,0,0,0,0,0,257463,0,293407,12315,0,82370,1634,3232,2850,0,0,57326,22904,1026,0,4112,0,0,0,576399,0,1810,0,0,0,0,1797,0,0,48756,26606,0,3457,26663,0,0,0,0,6080,0,0,0,0,0,0,0,0,0,0,38,98514,0,1672,0,849,0,2551,0,0,0,0,56749,0,0,0,0,0,0,0,0,0,0,0,0,0,0,0,0,0,0,0,0,50139,0,3865,0,0,0,0,0,0,0,0,0,0,0,0,0,0,0,0,0,355,0,0,76,0,4894,64026,0
"ZNC",0,0,0,0,197697,0,0,0,0,0,13016,0,0,0,0,0,27677,0,0,3181,4848,189,1525,0,120843,13300,0,0,0,0,0,125670,37186,116790,2645,0,153517,0,0,318437,0,0,0,0,0,0,0,0,0,321316,0,117692,1161252,2004,104817,1876,0,1087,161,0,46951,0,0,0,0,0,0,0,0,0,0,0,0,0,0,0,0,0,0,0,0,91674,0,153677,0,0,0,0,0,0,185852,0,0,112238,0,0,0,0,0,0,0,0,0,0,0,0,0,0,0,1470,19395,0,0,3810,0,0,0,0,0,0,4399,0,0,0,9362,0,0,0,0,0,1518,6266,1036,92137,90325,0,21395,0,0,0,0,0,0,71596,3659,0,2198,23596,0,263,56950,984,0,0,0,42549,0,0,0,0,0,111229,4415,0,0,0,2272,0,0,98791,8037,389920,0,124515,9541,0,0,0,0,3118,0,0,975,0,13903,0,0,0,241128,13277,4316,0,0,3309,461,0,0,0,51050,136026,969,0,0,0,0,0,0,1625,0,0,0,0,0,3434,0,0,938,0,0,0,0,0,0,802,3093,0,0,0,0,35949,0,0,0,0,0,0,0,0,0,0,0,0,0,1117,0,0,337,0,0,0,0,6512,0,0,8254,0,0,0,0,0,0,0,0,0,0,0,0,0,0,0,0,1129,0,0,0,0,1042,0,0
"UXR",8462,0,0,0,102535,15167,0,0,0,0,11725,0,0,0,0,0,26133,0,0,0,0,0,0,5549,6103,0,0,0,0,64262,0,0,0,0,0,0,23890,0,0,68884,0,4646,0,0,0,0,0,0,0,33474,70051,93384,163349,9820,32848,0,0,0,12190,0,55963,0,0,0,2710,0,0,3742863,0,0,0,0,0,0,93325,0,0,0,0,0,0,36255,217,4977,0,233416,7883,0,0,0,42021,0,0,82028,0,0,0,0,0,0,0,906,3031,0,0,0,0,0,0,39,0,0,0,0,0,0,9024,0,12445,2943,0,0,0,647,0,0,0,0,0,0,0,0,0,6974,21966,2751,301,0,28162,0,5030,0,2890,5083,0,0,0,2221,0,0,7089,0,9916,0,9132,24258,58267,2286,14826,0,0,16959,0,0,0,0,0,0,0,18669,14480,121044,10762,957,6917,0,0,0,1256,0,48827,8418,7842,65,8749,0,0,0,369777,0,4829,0,0,0,0,5545,0,0,3339,25081,0,423,13615,2544,674,12560,0,3795,4949,0,0,0,0,0,2651,0,0,0,1211,13065,0,50,1003,408,0,0,0,0,0,0,0,161271,0,0,0,0,0,0,0,0,0,0,0,0,0,0,329,0,0,17863,0,328,0,0,319,20218,1330,0,0,0,0,0,0,0,825,0,0,0,0,0,0,0,0,0,0,0,0,28867,0
"OBQ",0,0,0,0,2167,0,0,796,8510,0,5712,0,0,0,13597,0,19760,0,0,0,0,0,0,3621,17401,0,0,0,0,490122,0,0,0,29474,45236,5439,0,65057,0,11388,12845,0,1190,954,60264,0,0,0,0,4819,31491,83108,49016,28463,3469,0,0,0,3856,0,29183,814,0,0,11247,0,0,5079405,0,0,0,0,0,0,0,0,0,0,0,0,0,1254,0,0,0,180747,3762,5084,0,0,19791,0,0,22284,0,0,0,0,0,0,0,0,0,0,0,0,0,0,0,2852,5728,0,0,26328,0,0,25284,740,0,3973,0,0,0,0,0,0,0,0,0,0,0,0,0,56086,13913,0,1926,0,0,0,2088,0,0,17392,0,0,0,4060,0,0,5322,0,26425,0,0,20813,0,4471,16851,0,0,91257,0,153,0,0,0,0,0,92562,54210,75192,1027,316238,83073,0,0,0,0,0,15633,7159,1466,333,12189,0,0,0,459685,11518,60,0,0,0,0,301,0,0,3503,0,0,0,5126,0,0,0,0,3668,0,0,0,0,0,0,0,0,0,0,378,0,0,0,0,0,0,0,0,0,0,0,0,0,0,0,0,0,0,0,0,0,6999,0,0,5874,22831,4939,6983,0,1207,0,0,2244,0,0,486,0,0,0,0,0,6876,0,0,0,0,0,0,0,0,0,0,31897,6539,0,2754,55,0,4320,0
"OJJ",491,0,0,0,324,0,0,0,0,0,0,0,0,0,0,0,11630,0,0,0,0,0,0,2647,2046,0,0,0,0,0,0,0,0,0,0,0,0,0,0,0,0,0,0,0,0,100125,0,0,0,0,361,30254,45928,1569,3838,0,0,0,4082,0,31676,0,0,0,0,0,0,4467697,0,209799,0,138700,0,0,100959,0,225860,0,0,0,815169,133,0,0,0,0,8116,0,0,0,15630,0,0,0,0,0,0,0,0,0,0,1954,0,0,0,0,0,0,0,2038,4702,0,0,0,0,0,7303,0,0,0,0,0,0,0,0,58635,0,0,0,0,0,0,0,89304,1496,0,511,15704,0,0,0,348,0,0,0,0,0,0,0,0,10020,0,6722,296752,2192,16510,10704,2806,10726,0,0,3703,0,0,0,0,0,0,0,97668,232728,0,0,171257,132767,770,0,0,0,0,21056,4654,1666,0,5196,0,0,0,234374,0,3207,0,0,0,0,19823,0,0,973,0,0,0,0,0,0,628,0,0,26807,0,0,0,0,0,0,19676,0,0,0,7700,0,804,2323,722,0,0,0,0,0,0,0,154971,0,0,0,0,7163,0,0,0,0,0,0,387,9995,1972,37221,0,5619,0,0,0,0,0,2035,9622,566,0,0,0,0,0,0,0,0,0,0,0,0,0,0,17656,0,2687,0,0,0,0,0
"OTR",0,0,0,0,344481,0,0,34671,32683,0,64143,0,0,0,0,0,26651,50,0,0,0,0,0,1017,223831,0,0,145198,0,0,0,652548,0,22244,137871,0,254175,0,2543,178776,0,0,0,0,0,0,0,0,0,0,7647,258273,1636539,6569,83241,27156,9183,0,132891,0,90008,0,0,462,21715,0,0,0,0,0,0,0,0,0,0,0,0,0,0,0,0,36750,793,112492,0,455043,43863,0,0,0,137428,18730,0,871816,0,0,0,0,0,0,0,0,0,0,0,1661,0,0,0,38296,23391,0,0,0,0,0,0,0,0,1909,0,0,0,0,2076,0,0,0,0,0,0,0,0,13392,14530,0,197,0,0,0,29234,0,0,11090,0,0,0,9375,0,0,2276,0,19024,0,4360,31472,33890,1966,7991,0,0,92853,0,0,0,0,0,0,0,0,63180,0,98324,0,83504,0,0,0,0,0,62449,5037,0,0,5742,0,0,0,693869,2629,9883,0,0,0,0,642,0,0,55169,81524,1106,0,5605,0,0,0,0,3579,0,0,0,0,0,0,0,5267,0,0,0,36331,0,0,0,27003,0,2254,0,0,0,0,80407,0,0,0,0,0,0,0,0,0,0,0,0,1522,0,3610,2091,2931,262,0,0,2004,0,0,15266,1564,0,0,1207,773,0,16378,0,0,0,9070,0,0,0,0,0,81936,0,0,0,0,213,7685,0
"CET",0,0,0,0,50808,0,0,0,14083,0,153139,8227,0,0,636,0,39489,0,0,5129,7554,0,0,12134,40498,2551,4178,0,0,0,0,0,0,0,30499,0,54055,0,0,12814,0,0,0,43581,0,0,0,0,0,0,57621,451705,268376,13080,10029,0,2862,8283,4215,0,30873,0,881,0,0,0,0,0,0,0,0,0,0,850465,0,0,0,0,0,0,0,11565,0,0,0,163390,32056,0,0,0,6926,0,0,247654,0,0,0,0,0,0,0,0,0,0,0,0,0,0,0,2435,17765,0,0,333,0,0,255,0,0,0,0,0,0,129926,1052,0,47870,0,0,0,0,0,0,174191,41935,0,0,0,0,0,115607,0,5459,31559,0,0,0,3556,0,0,1397,0,24209,0,12491,30978,0,3269,30301,0,0,99221,0,0,0,0,0,0,0,0,1340361,0,7781,0,1018,0,0,7370,0,0,3785,3376,6160,511,37,0,0,0,480474,0,12433,0,0,0,616,304803,0,0,221891,0,4407,40024,13296,0,0,0,0,7979,0,0,0,0,0,0,0,0,398,0,0,43315,0,4702,6558,2174,0,0,0,0,0,0,0,0,0,0,0,0,0,0,0,0,22264,0,0,15832,7001,3721,1338,982,0,0,0,621,122,0,0,0,0,0,0,0,0,0,10724,0,0,0,0,0,0,0,0,24334,0,1885,0,0,0,7549,0
"RSH",2737,0,0,0,3371,2086,0,0,0,0,0,0,0,0,0,0,192,0,0,0,0,0,0,0,54296,0,8237,90325,0,37445,0,0,0,18912,122540,21277,0,0,0,13117,0,18836,0,0,0,0,0,0,0,0,11670,88640,639449,0,58081,4502,0,1333,25409,0,58627,0,0,0,160427,0,0,2094465,0,0,8397,0,0,0,0,0,0,0,332622,0,0,403,0,0,0,88358,30641,0,0,0,45365,0,0,79419,0,600,0,0,0,0,0,0,0,0,0,0,0,0,0,0,3386,0,0,1940,0,0,0,0,0,0,0,0,26084,0,5004,0,0,0,0,0,0,0,0,214746,0,0,111,20560,0,0,14422,0,0,1896,0,0,0,0,0,0,10744,0,8293,0,284,8318,564,3845,9028,0,0,32943,0,0,0,0,0,0,0,157837,0,87243,40216,10117,11721,0,0,0,0,0,15837,4975,0,0,3400,0,0,0,450367,0,310,0,0,0,38,4782,0,0,33693,0,0,0,5858,0,0,0,0,2179,0,0,0,0,0,0,0,617,0,0,0,15742,0,3208,2946,5487,0,10611,0,0,0,0,0,0,0,0,0,0,0,0,17282,0,0,0,0,0,4280,504,1340,0,0,3948,0,0,370,0,482,11398,0,0,0,0,0,0,2889,0,0,0,0,0,0,0,0,12142,0,0,0,0,0,23835,0
"UFF",5123,0,0,0,12010,0,0,440,6565,0,6595,0,0,0,0,0,4542,0,0,0,0,0,0,0,40065,39429,0,0,74493,255420,0,0,0,2862,0,0,0,58303,0,29990,254490,44833,0,23656,0,0,0,0,0,17083,103958,143891,307651,11913,54028,0,1135,47919,4732,0,50520,0,0,0,45995,0,0,0,0,0,0,0,0,0,0,0,0,0,0,0,0,9120,0,0,0,243323,25113,0,0,0,86788,0,0,63625,0,180,0,0,0,6478,0,0,0,0,0,0,0,0,0,0,0,0,0,0,0,0,0,0,0,859,0,0,0,0,262,0,0,0,0,0,0,0,0,27048,3001,0,106,0,0,0,18236,0,0,21384,0,0,0,6329,0,0,2628,6002,17679,365934,296,14622,16834,3192,12117,0,0,25013,0,0,0,0,0,0,0,0,51456,99043,0,29736,7827,1704,0,0,0,0,32682,16418,2115,0,2398,0,0,0,242502,834,7052,0,0,0,0,511,0,0,56165,109291,0,0,25737,0,0,0,0,2802,0,0,0,0,0,0,810,0,0,0,0,40920,0,4007,0,9014,0,0,0,0,0,0,40869,0,0,0,0,0,0,0,0,0,0,0,0,0,0,0,0,0,0,5679,0,8185,0,687,4441,18299,2847,0,0,0,0,0,33257,0,0,0,0,0,0,0,0,0,0,0,0,0,8041,16936,0
"JUO",3256,0,0,0,195350,0,0,44462,0,0,86995,191,0,0,0,0,52905,0,0,0,0,0,0,0,82348,156858,0,0,0,0,0,0,0,0,0,0,0,0,0,169899,0,0,0,0,0,0,0,0,0,0,157551,374969,944823,781296,196123,22340,0,0,0,0,177933,0,0,0,0,0,0,0,0,0,0,0,0,0,0,0,0,0,0,0,0,111369,4804,4522,0,678785,22283,0,0,0,54484,0,0,209620,0,0,0,0,0,0,0,0,0,0,0,0,0,0,0,3258,9937,0,0,38753,0,0,0,0,0,0,0,0,0,0,0,0,0,0,0,0,0,0,0,3020,6772,0,0,0,0,0,11949,0,12591,3410,0,0,0,2817,0,0,6511,0,11356,0,6116,18011,0,3427,8413,0,0,67816,0,0,0,0,0,0,0,0,105252,0,854,94037,60775,0,0,1244,0,0,10909,0,4277,191,1179,0,1308,0,701697,1188,19156,0,0,0,0,15421,0,0,37979,0,0,0,0,0,0,0,0,1654,0,0,0,0,0,0,0,0,0,0,0,131795,0,0,0,66641,0,0,0,0,0,24387,0,0,0,0,0,0,0,0,0,0,0,0,0,24240,13060,4562,5289,0,825,0,0,1534,0,0,809,0,0,0,0,0,0,0,387,0,0,0,0,0,0,0,0,20148,0,0,0,0,0,3497,0
"LWF",0,0,0,0,53736,0,0,485,3958,0,1772,0,0,599,0,0,5092,0,0,0,32,0,174,0,265580,0,0,0,0,8467,428651,237320,115943,0,0,0,0,27846,0,358867,0,19462,0,159567,0,0,0,0,0,0,129,1102897,821507,152794,247071,35519,20368,12295,1899,0,84822,0,0,0,0,0,0,0,0,0,0,0,0,0,0,0,0,0,0,0,0,54513,30683,63480,0,649878,954,0,0,0,84260,0,0,12417,0,0,0,0,0,0,0,0,0,0,0,0,0,0,0,2301,9386,0,0,12966,0,0,0,0,0,8386,0,0,0,0,560,0,0,0,0,0,0,0,0,31424,2517,0,646,0,68851,0,0,0,2740,11023,0,0,0,3480,0,0,1071,0,2303,0,723,21784,0,152,124,0,0,6989,0,0,0,0,0,0,0,17029,1330,0,103627,0,0,0,0,0,0,0,16354,74,0,259,0,0,0,0,263815,836,6448,0,0,0,0,0,0,0,15805,127923,0,0,0,0,0,0,0,2330,0,0,0,0,0,0,0,0,0,0,0,21285,320,0,0,1871,0,0,0,0,0,123563,0,0,0,0,0,0,0,0,0,0,0,0,0,353,1330,275,528,0,0,10746,0,732,0,0,13237,0,0,0,0,0,0,0,0,0,0,0,0,0,0,0,0,5937,0,0,0,0,5204,143514,0
"SAU",0,0,0,0,0,0,0,16530,0,0,39767,98728,0,0,0,0,65425,147,0,678,2149,0,1024,0,420282,0,0,0,0,6193,0,107815,0,0,1893,0,0,0,0,235093,0,0,0,0,0,0,0,0,0,0,78326,1220106,1594860,9247,151941,0,6014,0,11840,0,27001,0,0,0,0,0,0,0,0,0,0,0,0,0,0,0,0,0,0,0,0,194737,0,0,0,507321,0,0,0,446,166355,0,0,0,0,0,0,0,0,0,0,8140,0,0,1677,0,0,1789,0,9107,28927,0,0,0,0,0,0,0,0,0,0,0,0,0,0,0,0,0,0,0,20153,4200,477,144733,31795,0,0,0,0,0,24698,0,575,28689,0,0,0,2996,0,0,49806,0,2238,0,0,211,0,5014,17703,0,0,125327,0,0,0,0,3222,0,0,253987,170751,245329,32321,21285,9610,4415,0,0,0,0,0,0,0,0,19397,0,0,0,902928,18191,1527,0,0,736,27924,0,0,0,5206,91943,8923,0,0,0,0,0,0,13979,0,0,0,0,0,0,0,0,0,0,0,0,0,0,0,168616,0,0,0,0,0,0,0,0,0,0,0,0,0,0,13851,0,0,0,0,278,7021,2449,1297,0,790,0,0,12936,0,152,15709,0,0,0,0,0,0,0,0,0,0,0,0,0,0,0,0,3204,0,0,0,0,147,12387,0
"PUS",0,0,0,0,0,0,0,0,0,0,0,0,0,0,0,0,7886,0,0,2722,2366,0,71,0,51536,0,0,0,0,0,58741,0,0,0,0,0,0,27723,0,120512,0,11840,0,103186,0,0,0,0,0,166797,80765,421478,746073,50783,0,25686,0,147,740,0,51612,0,0,0,0,1142,0,0,0,0,0,0,0,0,0,0,0,0,0,0,0,18897,88,0,2831,369875,16610,0,0,0,105078,0,2508,17012,0,0,0,0,0,0,0,0,0,0,0,0,0,0,0,124,2300,0,0,393,0,0,0,0,0,0,0,0,0,0,0,0,0,0,0,0,0,744,0,59894,61378,0,2514,0,0,0,91123,0,24195,43605,0,0,0,43123,0,0,14739,0,48988,0,4705,42427,0,10973,19925,0,0,321725,0,3199,0,0,0,0,0,0,78080,0,10447,0,121689,0,0,0,0,0,33000,7716,1666,0,18887,0,0,0,698889,12721,1537,0,0,0,0,0,0,0,64476,78241,0,0,15276,0,0,0,0,14601,0,0,0,618,0,0,0,0,0,0,0,0,0,0,0,1547,0,0,0,0,0,40,0,0,0,0,0,0,0,0,0,0,0,0,0,2573,1436,902,16923,0,0,0,0,0,0,0,7007,0,0,985,0,0,0,0,12702,0,0,0,0,0,0,0,0,1180,0,0,0,0,0,0,0
"MXS",51815,0,0,0,14476,0,0,57386,3449,0,20432,0,0,0,5427,0,40857,0,0,1183,1861,0,0,0,62495,0,0,0,0,774997,306,0,0,0,37090,0,71579,0,0,54973,0,0,0,55886,0,0,0,0,0,52223,54182,174110,100575,33604,59981,0,0,33909,34126,0,149056,0,0,131,44929,0,0,1801733,0,0,0,0,0,0,0,0,0,169649,0,676834,0,8500,55549,14647,0,1068920,10265,0,46,0,140516,0,0,75700,0,0,0,0,0,0,0,0,0,0,0,0,0,0,0,346,825,0,0,1879,0,0,4229,0,0,0,0,0,0,0,0,0,0,0,0,0,0,1140,0,57026,19927,0,4178,0,58187,0,0,0,16161,13325,0,0,0,6222,0,0,894,0,21637,0,9058,59660,28231,7845,72523,0,0,27884,0,0,0,0,0,0,0,54078,269030,0,11185,32309,115234,0,0,0,0,0,39362,23111,4101,0,45841,786,0,0,345217,5810,27370,0,0,0,0,10363,0,0,18537,99654,0,0,0,0,0,0,0,9901,0,0,0,0,0,0,0,0,0,0,174,105170,0,0,858,120,0,630,0,0,0,0,0,0,0,0,0,0,0,0,66708,0,0,0,0,1808,9290,1571,4339,326,380,5876,0,1102,0,0,4166,0,4861,0,0,0,0,0,17670,0,0,0,0,0,47054,1883,0,2986,0,1235,0,0,0,210282,0
"ETA",12855,2117,0,0,229893,0,0,62535,0,0,43194,75192,0,0,0,0,71095,337,0,1756,5281,0,1129,3016,192861,123941,0,0,0,0,0,0,0,0,0,0,0,0,0,437967,0,0,0,58442,0,0,0,0,0,0,170963,647245,1106965,655,17609,0,0,6878,8833,0,72374,0,0,0,0,0,0,0,0,0,0,0,0,0,0,0,0,0,0,0,0,121872,302,0,0,128616,9959,0,0,0,36360,0,0,45985,0,0,0,0,0,0,0,0,0,0,0,0,0,0,0,3979,6203,0,0,0,0,0,0,0,0,0,0,0,0,0,0,0,0,0,0,0,0,0,0,4013,27974,0,0,0,0,0,0,0,913,25331,0,0,85,4460,0,0,11798,0,15026,0,4189,22058,0,9428,40144,0,0,156338,0,0,0,0,6696,0,0,0,11729,0,0,2615,0,0,0,0,0,0,23165,12089,0,0,2302,49,0,0,378628,313,32095,0,0,0,0,11612,0,0,143435,25205,59,0,0,0,0,0,0,19157,0,0,0,0,0,0,0,0,0,0,0,0,0,0,0,382,0,0,0,0,0,0,0,0,0,0,0,0,0,0,24690,0,0,0,0,2535,0,0,5827,0,0,0,0,7836,0,0,81,0,0,0,0,0,0,0,0,0,0,0,0,0,0,0,0,297,0,0,487,0,506,17985,0
"YGX",0,0,0,0,3585,0,0,3618,0,0,0,0,0,0,4341,0,16175,0,0,397,1786,0,0,0,165272,9818,2345,0,43122,0,0,0,0,19187,0,0,0,0,0,55709,137029,0,0,12909,0,0,0,0,0,77258,25575,526225,454939,526,125141,1235,1977,11335,1796,0,73693,0,0,129,19397,0,0,2934477,0,0,0,0,0,0,0,0,0,0,0,0,0,39237,32757,0,0,221916,46212,0,0,0,54956,0,0,117044,0,0,0,0,0,0,0,0,0,0,440,0,0,0,0,0,864,0,0,1580,0,0,0,0,0,0,0,13797,0,0,0,0,0,0,0,0,0,0,0,81993,4780,0,115,69396,0,0,2309,0,5430,4539,0,0,0,1375,0,0,2645,0,15035,0,6469,17006,76779,5433,15081,0,0,16598,0,0,0,0,0,0,0,261,213716,307922,38167,36230,34520,1218,0,0,531,0,45233,73477,1202,0,754,146,0,0,839985,2875,9246,0,0,0,0,32643,0,0,19250,0,0,0,7667,0,0,0,0,3456,0,0,0,0,0,0,0,0,0,0,0,0,0,15558,0,49299,0,0,0,0,0,0,0,0,0,0,0,0,0,0,0,0,0,0,0,0,0,0,0,0,0,0,0,604,0,0,9679,0,0,0,0,0,0,0,0,0,0,0,0,0,0,0,0,0,0,0,0,0,0,24934,0
"UUH",0,0,573,1322,249179,0,0,128876,0,0,96966,0,0,83,1634,0,0,0,0,0,0,14154,585,0,690938,0,0,0,0,0,0,0,0,0,88591,0,0,0,0,2607909,0,0,0,0,0,0,0,0,0,0,0,0,0,0,0,0,0,0,0,0,0,0,0,0,0,0,0,0,0,0,0,0,0,0,0,0,0,0,0,0,0,0,0,0,0,0,0,0,0,0,0,0,0,0,0,0,0,0,0,0,0,0,70947,0,0,0,4747,9396,0,33548,20837,8268,111,0,0,0,5213,0,0,36723,0,0,0,0,0,0,0,0,1034,0,0,0,0,0,0,0,3640,0,0,0,0,0,0,141837,0,0,0,2238,0,0,25307,9694,161563,0,0,0,0,0,30809,0,0,677646,1818,0,0,0,0,0,0,0,21570,76926,0,237172,88226,0,0,0,27,0,0,0,3757,778,29327,0,0,0,1095670,1187,3115,0,0,0,0,0,0,0,26002,0,0,0,0,0,0,0,0,0,0,0,0,880,3891,0,0,0,0,0,10440,0,0,0,0,0,0,0,0,36920,0,19673,0,0,0,0,0,0,0,0,0,0,0,0,0,1743,13923,8089,21973,0,2579,0,1975,0,740,0,0,0,0,0,0,0,0,0,8110,0,0,0,0,0,0,0,0,25099,0,0,918,0,0,0,0
"SSY",0,0,0,0,21415,0,0,0,0,0,965,0,0,0,0,0,23352,0,0,199,1058,0,0,16056,7684,0,0,87065,0,0,0,32917,0,10067,0,30298,0,14707,0,88748,436331,0,0,16779,0,0,0,0,0,123357,0,69514,413694,0,111397,605,0,38179,1310,0,102606,0,0,1770,32536,0,0,1125675,0,0,0,0,0,0,0,0,0,0,131627,0,0,1637,0,0,0,186183,727,0,0,0,117143,0,0,683869,0,0,0,1014,0,0,0,0,0,0,0,0,0,0,0,190,1006,0,0,27378,0,0,0,0,0,0,0,0,0,0,0,0,0,0,0,0,0,0,0,253139,32079,0,693,0,0,0,0,0,0,13463,0,0,0,5723,0,0,9307,0,35592,0,3859,70711,190882,20159,32607,0,0,76663,0,0,0,0,0,0,0,129628,194624,168613,1474,104912,141180,0,1422,0,0,0,11528,19172,432,0,16307,0,0,0,219696,1709,4650,0,0,0,0,122,0,0,4409,32535,0,0,0,0,0,0,0,226,0,0,0,0,0,0,0,1448,0,0,0,14332,0,0,0,3106,0,0,0,0,0,0,0,128969,0,0,422,0,0,0,0,0,0,0,0,0,0,0,0,0,0,0,0,1019,0,0,0,0,0,0,0,0,0,0,18857,0,0,0,0,0,0,0,0,0,0,0,0,0,0,0,0
"RYF",683,0,0,0,64658,0,0,13922,1183,0,5615,0,0,0,0,0,19714,0,1517,298,1403,0,0,0,14905,1106,0,0,0,45011,0,0,0,0,7519,0,0,0,0,129953,0,0,0,0,0,0,0,0,0,341,0,84499,253221,548,124085,0,0,0,44806,0,38791,0,0,0,0,0,0,2743579,0,0,0,0,0,0,0,0,0,0,40141,144852,0,17469,13632,0,0,488813,1138,0,0,0,27081,0,0,274466,0,0,0,0,0,0,2564,267,0,0,0,0,0,0,0,0,0,0,0,0,0,0,0,0,0,0,0,0,0,0,820,0,0,0,0,0,0,0,0,0,973,0,0,0,0,0,9212,0,5272,2032,0,0,0,4461,0,0,1168,0,55086,0,1517,18118,0,6851,48888,0,0,77293,0,0,0,0,0,0,0,13379,159815,32939,0,54,13447,0,0,0,0,0,4736,21911,580,0,3431,0,0,63193,183369,0,9816,0,0,0,511,208188,0,0,0,0,185,0,0,5936,0,0,0,11864,0,0,0,0,0,0,0,1011,0,0,0,66805,0,0,0,2238,0,0,0,0,0,0,0,0,5693,18264,5511,0,0,475,0,66411,0,149000,0,0,0,0,0,0,0,0,0,0,357,0,0,0,0,0,0,0,0,0,3982,0,0,0,0,0,0,0,0,0,0,0,0,0,0,0,0
"DOX",0,0,0,0,50773,0,0,0,0,0,11047,4521,0,0,0,0,17576,0,0,0,120,0,0,1149,92630,0,2150,501690,0,6468,182738,54576,9685,0,0,0,0,85813,0,245702,0,0,0,0,0,0,0,0,0,462982,0,562488,402474,0,105447,13772,423,0,9247,0,62499,0,0,4808,24368,0,711,0,0,0,0,0,0,0,0,0,0,0,0,0,0,31300,971,0,0,215387,58605,0,0,0,146045,0,0,179268,0,0,15949,0,0,0,0,0,0,0,0,0,0,0,0,0,0,0,0,0,0,0,0,0,0,168,6162,0,0,0,3681,0,0,0,0,0,807,12853,1130,0,7754,0,1965,47286,0,38539,0,0,7651,21468,0,0,0,3703,0,0,3785,0,12132,0,3697,7588,0,6433,21739,0,0,69441,0,1065,0,0,0,0,0,0,9476,32545,4889,2575,1951,0,0,757,0,0,4321,15637,5835,0,25385,1636,0,0,648396,28132,20999,0,0,0,72,278781,0,0,673092,0,0,0,8802,0,0,0,0,18069,0,7341,0,0,0,0,0,0,0,0,0,16150,0,0,0,1115,1223,0,0,0,0,0,124,0,0,0,0,0,0,0,0,0,13283,0,0,0,0,0,0,0,0,0,0,48,0,320,777,12516,0,0,0,0,0,1185,168228,0,0,0,0,0,0,0,0,0,0,0,0,0,0,0,0
