"","Acetatifactor_muris","Acinetobacter_guillouiae","Acutalibacter_muris","Adlercreutzia_equolifaciens","Agathobaculum_butyriciproducens","Akkermansia_muciniphila","Alistipes_finegoldii","Alistipes_indistinctus","Alistipes_inops","Alistipes_onderdonkii","Alistipes_putredinis","Alistipes_shahii","Anaerotruncus_colihominis","Anaerotruncus_sp_G3_2012","Asaccharobacter_celatus","Atopobium_deltae","Bacteroides_caccae","Bacteroides_caecimuris","Bacteroides_cellulosilyticus","Bacteroides_clarus","Bacteroides_coprocola","Bacteroides_dorei","Bacteroides_eggerthii","Bacteroides_faecis","Bacteroides_faecis_CAG_32","Bacteroides_finegoldii","Bacteroides_fragilis","Bacteroides_intestinalis","Bacteroides_massiliensis","Bacteroides_nordii","Bacteroides_ovatus","Bacteroides_plebeius","Bacteroides_salyersiae","Bacteroides_sp_CAG_144","Bacteroides_sp_CAG_443","Bacteroides_stercoris","Bacteroides_thetaiotaomicron","Bacteroides_uniformis","Bacteroides_vulgatus","Bacteroides_xylanisolvens","Barnesiella_intestinihominis","Bifidobacterium_bifidum","Bifidobacterium_longum","Bilophila_wadsworthia","Blautia_coccoides","Blautia_hydrogenotrophica","Butyricimonas_synergistica","Butyricimonas_virosa","Catabacter_hongkongensis","Christensenella_minuta","Clostridiales_bacterium_1_7_47FAA","Clostridioides_difficile","Clostridium_aldenense","Clostridium_asparagiforme","Clostridium_bolteae","Clostridium_bolteae_CAG_59","Clostridium_citroniae","Clostridium_cocleatum","Clostridium_hylemonae","Clostridium_innocuum","Clostridium_leptum","Clostridium_methylpentosum","Clostridium_scindens","Clostridium_sp_ASF356","Clostridium_sp_ASF502","Clostridium_sp_CAG_167","Clostridium_sp_CAG_253","Clostridium_sp_CAG_58","Clostridium_sp_CAG_964","Clostridium_spiroforme","Clostridium_symbiosum","Collinsella_aerofaciens","Collinsella_massiliensis","Coprobacter_fastidiosus","Coprobacter_secundus","Coprococcus_eutactus","Desulfovibrio_piger","Desulfovibrionaceae_bacterium","Dielma_fastidiosa","Dorea_sp_5_2","Eggerthella_lenta","Eisenbergiella_tayi","Enorma_massiliensis","Enterococcus_faecalis","Enterococcus_gallinarum","Enterorhabdus_caecimuris","Erysipelatoclostridium_ramosum","Escherichia_coli","Eubacterium_eligens","Eubacterium_rectale","Eubacterium_siraeum","Eubacterium_sp_14_2","Eubacterium_sp_CAG_180","Eubacterium_sp_CAG_251","Faecalibacterium_prausnitzii","Faecalicoccus_pleomorphus","Faecalitalea_cylindroides","Firmicutes_bacterium_ASF500","Firmicutes_bacterium_CAG_110","Firmicutes_bacterium_CAG_145","Firmicutes_bacterium_CAG_94","Flavonifractor_plautii","Fusicatenibacter_saccharivorans","Gordonibacter_pamelaeae","Harryflintia_acetispora","Holdemania_filiformis","Hungatella_hathewayi","Intestinimonas_butyriciproducens","Lachnospira_pectinoschiza","Lachnospiraceae_bacterium_10_1","Lachnospiraceae_bacterium_28_4","Lachnospiraceae_bacterium_3_1","Lachnospiraceae_bacterium_3_2","Lachnospiraceae_bacterium_A2","Lachnospiraceae_bacterium_A4","Lachnospiraceae_bacterium_COE1","Lachnospiraceae_bacterium_M18_1","Lactobacillus_aviarius","Lactobacillus_murinus","Lactobacillus_reuteri","Lactobacillus_taiwanensis","Lactonifactor_longoviformis","Lawsonibacter_asaccharolyticus","Monoglobus_pectinilyticus","Muribaculaceae_bacterium_DSM_103720","Muribaculum_intestinale","Odoribacter_splanchnicus","Oscillibacter_sp_1_3","Oscillibacter_sp_57_20","Parabacteroides_distasonis","Parabacteroides_goldsteinii","Parabacteroides_johnsonii","Parabacteroides_merdae","Paraprevotella_clara","Paraprevotella_xylaniphila","Parasutterella_excrementihominis","Phascolarctobacterium_faecium","Phascolarctobacterium_sp_CAG_266","Prevotella_copri","Prevotella_sp_CAG_1185","Prevotella_sp_CAG_520","Prevotella_sp_CAG_891","Prevotella_sp_MGM2","Proteobacteria_bacterium_CAG_139","Roseburia_faecis","Roseburia_inulinivorans","Ruminococcaceae_bacterium_D16","Ruminococcaceae_bacterium_D5","Ruminococcus_bicirculans","Ruminococcus_bromii","Ruminococcus_callidus","Ruthenibacterium_lactatiformans","Turicimonas_muris"
"1250_W3",0,0.0045109378,0.064920833,0,0,0,0,0,0,0,0,0,0,0.0714831087,0,0,0,0.0687670915,0,0,0,0,0,0,0,0,0,0,0,0,0,0,0,0,0,0,0,0.0008079292,0,0,0,0,0,0,0,0,0,0,0,0,0,0,0,0,0,0,0,0,0,0,0,0,0,0.0033362891,0.0308001507,0,0,0,0,0,0,0,0,0,0,0,0,0,0,0.0231448786,0,0,0,0,0,0.0006976268,0,0,0,0,0,0,0,0,0,0,0,0.0006675443,0,0,0,0,0,0,0,0,0,0,0,0,0.0508049925,0.0018923305,0,0.0091221506,0.0088098659,0.0037187662,0,0,0.0981949086,0,0.1093340171,0,0,0,0.0337711526,0.0620544034,0,0.0012333812,0,0,0.0120516101,0,0,0,0,0,0,0,0,0,0,0,0.3132673716,0,0,0,0,0,0,0,0,0,0.02660866
"1250_W9",0,0.0376466851,0.2248910388,0,0,0.0369628963,0,0,0,0,0.0002917649,0.0023949506,0.1061652516,0,0.0014644571,0,0,0,0,0,0,0.0011253789,0,0.0170440272,0,0,0,0.1248269406,0,0,0.0190401948,0,0.0216401694,0,0,0,0,0.068305657,0.0229525482,0.0071916107,0.0036577631,0,0,0,0,0,0,0.0008617767,0,0,0,0,0,0,0.0006139455,0.0005046744,0,0,0,0,0.0016728606,0,0,0.0006229575,0,0,0,0,0,0,0,0,0.0025064746,0,0,0,0,0,0,0.0030179081,0,0,0,0,0,0,0,0,0,0,0,0,0,0,0,0,0,0,0,0,0,0.1515701796,0,0.0013360354,0.0075453334,0,0,0,0,0,0,0,0,0,0,0,0.0001441927,0,0,0,0,0,0.0002647288,0,0,0,0,0,0,0.074532979,0,0,0.0255288661,0,0,0,0,0,0,0,0,0,0,0,0,0,0,0,0,0.0336757534,0,0,0
"1251_W3",0,0.05661595,0.008188983,0,0,0.0001439204,0,0,0,0,0.0038768,0,0,0.02487651,0,0,0.0001855578,0.04031583,0,0,0,0,0.005322341,0,0,0,0,0,0.002472897,0,0.0007739118,0,0,0.0006526204,0,0.003475815,0.002287339,0.01626754,0.02503854,0,0,0,0,0,0,0,0,0,0,0,0,0,0,0,0,0,0,0,0,0,0,0,0,0,0.00455205,0,0.002888366,0,0,0,0,0,0,0,0,0,0,0,0,0.0005322341,0,0,0,0.0004697781,0,0.002706429,0,0,0,0,0,0,0.0112267,0.001593082,0.006831243,0,0,0,7.874892e-05,0,0,0,0.001046365,0,0,0,0,0,0.002512724,0,0.0001004728,0.0001312482,0,0,0,0,0.0008137389,0.001956051,0.117784,0,0,0,0,0,0.01263694,0.05329763,0,0.001397567,0.003359049,0.001116062,0.006313491,0,0.005312384,0,0.0001113347,0,0,0.008377256,5.159412e-05,0,0,0,0.5501563,0,0.002949917,0.001265414,0,0,0,0.001323344,0,0,0.006614004
"1251_W9",0,0.05047916,0.06178458,0.001291131,0,8.767236e-05,0.0007540781,0,0,0,0.05598575,0,3.018229e-05,0.001407549,0.004957081,0,0.0173323,0,0.02926292,0,0,0.05358937,0,0,0,0,0.04508611,0,0,0,0.001662421,0,0,0,0,0,0,0.06889945,0.1219642,0.05702536,0.02907177,0,0,0.001927355,0,0,0,0.003789554,0,0,0,0,0,0,0,0,0,0.01996391,0,7.521617e-05,0.0003847044,0,0,0,0,0,0,0,0,0,0,0,0,0,0,0,0,0,0.001269572,0.004451648,0,0,0,0,0,0,0,0,0,0,0,0,0,0,0,0,0,0,0,0.00104057,0,0.00248405,0,0.000119771,0,0.005858717,0,0,0,0,0,0,0,0,0.0004062632,0.02997963,0,0,0,0,0,0,0,0,0,0,0.001724702,0,0,0.03903767,0,0,0.2791598,0,0,0,0,0,0,0,0,0,0.0001355807,0.003016791,0,0,0,0,0,0,0,0.004503389,0
"1252_W3",0,0.0815522615,0.0019351624,0,0,0,0,0,0,0,0,0,0,0.0048647412,0,0,0,0.0209667914,0,0,0,0,0,0,0,0,0,0,0,0,0,0,0,0,0,0,0,0.0021002234,0,0,0,0,0,0,0,0,0,0,0,0,0,0,0,0,0,0,0,0,0,0,0,0,0,0,0.0007817611,0,0,0,0,0,0,0,0,0,0,0,0,0,0,0.0001265805,0,0,0,0.0013782083,0,0.0001863265,0,0,0,0,0,0,0,0,0,0,0,0,0,0,0,0,0,0,0,0,0,0,0,0,0.0015230164,0,0,0,0,0,0.0021204763,0,0.007464198,0,0,0,0,0,0.0783887621,0.1454956588,0,0,0,0,0.0089244304,0,0,0,0,0,0,0,0,0,0,0,0.6095265485,0,0,0,0,0,0,0,0,0,0.0326648534
"1252_W9",0,0.0080509699,0.0005943568,0,0,0.4473711404,0,0,0,0,0,0,0,0.0005732375,0,0,0,0,0,0,0,0,0,0,0,0,0,0,0,0,0,0,0,0,0,0,0,0.0013885924,0.0001154018,0,0,0,0,0,0,0,0,0,0,0,0,0,0,0,0,0,0,0,0,0,0,0,0,0,0,0,0,0,0,0,0,0,0,0,0,0,0,0,0,0.0003959864,0,0,0,0,0,0.0005385415,0,0,0.0001033336,0,0,0,0,0,0.0001123847,0,0,0,0,0,0,0,0,0,0,0,0,0,0,0,0,0,0,0,0.0028035839,0.0001908277,0,0.0027198611,0.0338542001,0,0,0,0,0,0.1124352562,0.1758428665,0,0.0002632367,0,0.0001093677,0.0073464911,0,0,0,0,0,0,0,0,0,0,0,0.2051903639,0,0,0,0,0,0,0,0,0,0
"1253_W3",0,0.0033404649,0.0148118084,0,0,0,0,0,0,0,0,0,0,0.0221566065,0,0,0,0.0651933818,0,0,0,0,0,0,0,0,0,0,0,0,0,0,0,0,0,0,0,0.0017200226,0,0,0,0,0,0,0,0,0,0,0,0,0,0,0,0,0,0,0,0,0,0,0,0,0,0.0011647872,0.0040827904,0,0,0,0,0,0,0,0,0,0,0,0,0,0,0.0230332145,0,0,0,0,0,0,0,0,0,0,0,0,0,0,0,0,0,0.00036211,0,0,0,0,0,0,0,0,0,0,0,0,0.0101300277,0.0002504594,0,0.0101511508,0.0107501411,0.0160701407,0,0.0009460124,0.0169392047,0.080332598,0.0129559946,0,0,0,0.0798090473,0.2851963391,0,0.0019086215,0,0,0.0041974586,0,0,0,0,0,0,0,0,0,0,0,0.2886559985,0,0,0,0,0,0,0,0,0,0.0458416191
"1253_W9",0,0.01443744,0.003636844,0,0,0.5917567,0,0,0,0,0,0,0,0.008918336,0,0,0,0.001853,0,0,0,0.0009575308,0,0,0,0,0,0,0,0,0,0,0,0,0,0,0,0,0,0,0,0,0,0,0,0,0,0,0,0,0,0,0,0,0,0,0,0.005567865,0,0,0,0,0,0.001396399,0,0,0,0,0,0,0,0,0,0,0,0,0,0,0,0.009683474,0,0,0,0,0,8.777366e-05,0,0,0,0,0,0,0,0,0,0,0,0,0,0,0,0,0,0,0,0,0,0,0,0,0,0,0,0,0.1121942,0.001860092,0,0.003382389,0.0419168,0,0.04970472,0,0,0,0.02598721,0.1222802,0,0,0,0,0.00437893,0,0,0,0,0,0,0,0,0,0,0,0,0,0,0,0,0,0,0,0,0,0
"1254_W3",0,0.0026157089,0.0345166018,0,0,0.0039915329,0,0,0,0,0,0,0,0.0569361101,0,0,0,0.0690242405,0,0,0,0,0,0,0,0,0,0,0,0,0,0,0,0,0,0,0,0.0075931744,0,0,0,0,0,0,0,0,0,0,0,0,0,0,0,0,0,0,0,0,0,0,0,0,0,0.0036494442,0.0053494309,0,0,0,0,0,0,0,0,0,0,0,0,0,0,0.0164068137,0,0,0,0,0,0.0002330386,0,0,0,0,0,0,0,0,0,0,0,0.0008006967,0,0,0,0,0,0,0,0,0,0,0,0,0.0108885792,0.0008828578,0,0.0047489084,0.0923639525,0.0104449095,0.005963398,0.0002972736,0.038835285,0.0045143759,0.0020062233,0,0,0,0.1234551856,0.2462650336,0,0.0033656152,0,0,0.0261242245,0,0,0,0,0,0,0,0,0,0,0,0.1577656379,0,0,0,0,0,0,0,0,0,0.0709617473
"1254_W9",0,0.0623499077,0.0150645422,0,0,0.4555988206,0,0,0,0,0,0,0,0.1858912215,0,0,0,0,0,0,0,0,0,0,0,0,0,0,0,0,0,0,0,0,0,0,0,0,0,0,0,0,0,0,0,0,0,0,0,0,0,0,0,0,0,0,0,0.0606423247,0,0,0,0,0,0,0.0025322108,0,0,0,0,0,0,0,0,0,0,0,0,0,0,0.0055712659,0,0,0,0,0,0,0,0,0,0,0,0,0,0,0,0,0,0.0004284042,0,0,0,0,0,0,0,0,0,0,0,0,0.0075282485,0,0.0011745918,0.0059936363,0.1426968145,0.0285120094,0.0236044683,0,0,0,0,0,0,0,0,0,0,0.0024115335,0,0,0,0,0,0,0,0,0,0,0,0,0,0,0,0,0,0,0,0,0,0,0,0,0
"1255_W3",0.0001669693,0.00303747,0.02536219,0,0,0.1190103,0,0,0,0,0,0,0,0.03820053,0,0,0,0.0366086,0,0,0,0,0,0,0,0,0,0,0,0,0,0,0,0,0,0,0,0.002025361,0,0,0,0,0,0,0,0,0,0,0,0,0,0,0,0,0,0,0,0.0008176923,0,0,0,0,0,0.01508785,0.008661821,0,0,0,0,0,0,0,0,0,0,0,0,0,0,0.009183314,0,0,0,0,0,0,0,0,0,0,0,0,0,0,0,0,0,9.835181e-05,0,0,0,0,0,0,0,0,0,0,0,0,0.06545084,0.001309451,0,0,0.0861985,0.01844325,0.004006121,0.0004151361,0.01057396,0.005710123,0.007218565,0,0,0,0.07681047,0.1357781,0,0.004760914,0,0,0.002315842,0,0,0,0,0,0,0,0,0,0,0,0.2677777,0,0,0,0,0,0,0,0,0,0.05497065
"1255_W9",0,0.001719849,0.01297598,0,0,0.04975519,0,0,0,0,0.01672759,0.006598242,0.007212536,0,5.458463e-05,0,0.008791592,0,0,0,0,0.0008412965,0,0.02824322,0,0,0,0.1935965,0,0,0.02649174,0,0,0,0,0,0.007307843,0.2022842,0.05131519,0.0007810801,0.01986491,0,0,0.008197659,0.000123032,0,0.0003764607,0.02177494,0.0003825256,0,4.028866e-05,0,0.0004392763,0,0.0004834639,0.001508009,0.00659391,0.003065404,0,0,6.758097e-05,0.000791044,0,0,0.003780636,0,0,0,0,0,0,0,0,0,0,0,0,0,0,5.631748e-06,0,0,0,0,0,0,0,0,0,0,0,0,0,0.02148079,0,0,0,0,0,0,0,0.008078092,0,0.0002772553,0.002952769,0,0,0,0,0,0,0,0,0,0.03355222,0.04510207,0,0,0,0,0,0,0.0004388431,0.00598005,0,0,0,0,0,0.02165797,0,0,0.02265739,0,0,0.0005870014,0,0,0,0,0,0,0,0.02514056,0,0,0,0,0,0.1289098,0,0.0009937869,0
"1256_W3",0,0.007580632,0.0073617182,0,0,0.2661045905,0,0,0,0,0,0,0,0.0278701012,0,0,0,0.035548357,0,0,0,0,0,0,0,0,0,0,0,0,0,0,0,0,0,0,0,0.0010176536,0,0,0,0,0,0,0,0,0,0,0,0,0,0,0,0,0,0,0,0.0003032253,0,0,0,0,0,0.0020456613,0.0090568215,0,0,0,0,0,0,0,0,0,0,0,0,0,0,0.0176077744,0,0,0,0,0,0.000610888,0,0,0,0,0,0,0,0,0,0,0,0,0,0,0,0,0,0,0,0,0,0,0,0,0.0460310769,0.0022897207,0,0.0047820846,0.0710271941,0.0278286851,0.014909809,0,0.019776205,0.0028148181,0,0,0,0,0.1548919113,0.1284018549,0,0.0035026218,0,0,0.0042274042,0,0,0,0,0,0,0,0,0,0,0,0.1263325272,0,0,0,0,0,0,0,0,0,0.0180766642
"1256_W9",0,0.001182833,0,0,0.02493983,0.09165308,0,0.0002255805,0,0,0.07798349,0.0006628259,0.004745248,0.004609753,0,0,0.02368596,0,0.0001201143,0.0003515541,0,0.0001274384,0.1656955,0.01833721,0.02124192,0,0.000807842,0.000172115,0.0003237227,0.01152585,0.01110764,0,0,0,0,0,0.001142551,0.179617,0.02823199,0,0.005123168,0,0,0,0.000206538,0,0,0.003184494,0,0,0,0,0.003070971,0,0.0009294211,0.002416934,0.004970096,0,0.01275702,0.0001486781,0.001092015,0,0,0,0.01262006,0,0,0,0,0,0.006712486,0,0.0002614684,0.004047999,0,0,0,0,0,0,0,0,0,0,0,0,0,0,0,0,0,6.957841e-05,0,0,0,0,0,0,0,0,0.0003896391,0.08182348,0,0,0,0,0.000130368,0,0,0,0,0,0,0,0,0,0,0,0,0,0,0.0001831011,9.008574e-05,0.002881279,0,0,0.001103001,0,0,0.05663024,0.07348799,0,0.003647374,1.977492e-05,0.0006452482,0.04521205,0,0,0,0,0,0,0,0.003839996,0,0,0.001809039,0,0,0,0.0001318328,0.00187349,0
"1257_W3",0,0.004432681,0.006498969,0,0,0.3488707,0,0,0,0,0,0,0,0.02722335,0,0,0,0.03709234,0,0,0,0,0,0,0,0,0,0,0,0,0,0,0,0,0,0,0,0.001576775,0,0,0,0,0,0,0,0,0,0,0,0,0,0,0,0,0,0,0,0.0009298298,0,0,0,0,0,0,0.007514894,0,0,0,0,0,0,0,0,0,0,0,0,0,0,0.004538455,0,0,0,0,0,9.347496e-05,0,0,0,0,0,2.951841e-05,0,0,0,0,0,7.871575e-05,0,0,0,0,0,0,0,0,0,0,0,0,0,0.001011005,0,0,0.001202875,0,0.0002558262,0,0.03196843,0.0273365,0,0,0,0,0.09035584,0.1660927,0,0.008078204,0,0,0.02488648,0,0,0,0,0,0,0,0,0,0,0,0.1535941,0,0,0,0,0,0,0,0,0,0.05633834
"1257_W9",0,0.001544949,0,0,0,0.07879032,0.000869034,0.0005730587,0,0,0.007326335,0.0009584564,0.005326297,0.003509302,0,0,0.01044604,0,0.0002464362,0.0009693718,0,0,0.1212873,0.01146369,0.003504264,0,0.01692727,0,0,0.004461041,0.01179619,0,0.006095833,0,0,0,0,0.1459066,0.1163179,6.423295e-05,0.002098696,0,0,0.02408442,0,0,0,0.003665896,0,0,0,0,0,0,0,0.001014293,0,0,0.0007355303,0.005084059,0.0009156344,0,0,0,0,0,0,0.03752716,0,0.0001288857,0.005157948,0,0.00071244,0.0009550978,0,0,0,0,0,0,0,0,0.000365666,0,0,0,0,0,0,0,0,0,0,0,0,0,0,0,0,0,0,0.03811155,0,0,0,0,0.0004710416,0,0,0,0,0,0,0,0.1389758,0,0,0,0,0,0,6.213384e-05,0,0,0,0,0.0006440088,0,0,0.09992884,0.08069968,0,0.004693204,5.415719e-05,0.0004534091,0,0,0,0,0,0,0,0,0,0,0,0,0,0,0,0,0.005076502,0
"1258_W3",0,0.0079352044,0.0131361242,0,0,0.0004592625,0,0,0,0,0,0,0,0.0407724734,0,0,0,0.0603397934,0,0,0,0,0,0,0,0,0,0,0,0,0,0,0,0,0,0,0,0.0035570033,0,0,0,0,0,0,0,0,0,0,0,0,0,0,0,0,0,0,0,0,0,0,0,0,0,0.0061665876,0.0163585654,0,0,0,0,0,0,0,0,0,0,0,0,0,0,0.0259696218,0,0,0,0,0,0,0,0,0,0,0,0,0,0,0,0,0,0.0010386632,0,0,0,0,0,0,0,0,0,0,0,0,0.0079884302,0.0036999526,0.0023099991,0.0170200859,0.0127179216,0.0025152986,0.0003482487,0,0.0094620242,0,0,0,0,0,0.0606697933,0.3023209485,0,0.0206394394,0,0,0.006638016,0,0,0,0,0,0,0,0,0,0,0,0.3489132815,0,0,0,0,0,0,0,0,0,0.0290232612
"1258_W9",0,0.008086928,0,0,0.0162179288,0.1752356227,0.0022876235,0,0,0,0.0747639615,0.0125740297,0.009764186,0,0,0,0.0018502226,0,0.0095745902,0.0001455231,0,0.0116501657,0.0022144462,0,0,0,0,0,0,0,0.0209054366,0,0.0330462231,0,0,0,0.0161805085,0.0804377003,0.023835025,0,0.0033578422,0,0,0.0153705684,0,0,0,0,0,0.0002295108,0,0,0.0009271902,0,0,0,0,0,0,0,0,0,0,0,0.0437525674,0,0,0.0004723265,0,0,0,0,0,0,0,0,0.0114031922,0.02879279,0,0,0,0.0026310581,0,0,0,0,0,0.0035008706,0,0,0,0,0,0,0.0007475731,0,0,0,0,0,0,0.0819478146,0,0,0,0,0.0014252951,0,0,0,0,0.000164649,0,0,0.0332108722,0,0,0,0,0,0,0,0,0,0,0,0,0,0,0.0440502662,0.1599041377,0.0253176978,0.0067489468,0,0,0.0179101549,0.0154154727,0,0,0,0,0,0,0,0,0,0,0,0,0,0,0.0039490819,0
"1259_W3",5.016315e-05,0.002380694,0.001553413,0,0,0.604869,0,0,0,0,0,0,0,0.01109593,0,0,0,0.007951271,0,0,0,0,0,0,0,0,0,0,0,0,0,0,0,0,0,0,0,0.0002360135,0,0,0,0,0,0,0,0,0,0,0,0,0,0,0,0,0,0,0,0.0003774572,0,0,0,0,0,0,0.001013131,0,0,0,0,0,0,0,0,0,0,0,0,0,0,0.0003338728,0,0,0,0,0,0.0002006526,0,0,0,0,0,0,0,0,0,0,0,6.578774e-05,0,0,0,0,0,0,0,0,0,0,0,0,0.0005131444,0.0001694034,0,0,0.001341248,0.0002582169,0.0002927555,0,0.002209646,0.007443883,0.004934081,0,0,0,0.1084231,0.08877233,0,0.001580551,0,0,0.004518796,0,0,0,0,0,0,0,0,0,0,0,0.1265049,0,0,0,0,0,0,0,0,0,0.02291058
"1259_W9",0,0.003953653,0,8.475038e-05,0,0.6539695,0.0007101389,0.0001666652,0,0,0,8.664072e-05,0.008500243,0.005074626,0.0004016979,0,0.01245137,0,0.005996483,5.891569e-05,0,0.0008960226,0.001683351,5.765546e-05,0.0005834859,0,0,0,7.939441e-05,0,0.005240976,0,0.003108354,8.75859e-05,0,0,0.006693075,0.01079858,0.009300803,0,0.0002388133,0,0,0.006035865,0,0,3.08756e-05,0,0.0006329499,0.0002599222,0,0,0.0009943205,0,0,0,0,0,0,0.005168828,0.0002555114,0.0008752288,0,5.671029e-06,0,0.0002088829,0,0.04974438,0,0.001667913,0,0,0,0,0,0,0,0.01091327,0,0,0,0.006270583,0,0,0.03394899,0,0,0,0.0001499672,0.0001364198,0,0,0,0,0.0002586619,0,0,0,0,0.0007214809,0,0.01398507,4.410801e-06,0,0,0,0.0005655276,0,0,0,0,0,0,0,0.01051598,0,0,0,0,0,0,0,0,0,0,0,0.0002781955,0,0,0.01184363,0.04562154,0.01008498,7.813418e-05,0,1.606792e-05,0.012274,0.01170059,0,0,0,0,0,0,0.0002835515,0,0,0,0,0,0,0,0.03397419,0.0002715793
"1260_W3",0,0.05406484,0,0,0,0.4128646,0,0,0,0,0,0,0,0.00273608,0,0,0,0.01077756,0,0,0,0,0,0,0,0,0,0,0,0,0,0,0,0,0,0,0,0,0,0,0,0,0,0,0,0,0,0,0,0,0,0,0,0,0,0,0,0,0,0,0,0,0,0,9.428123e-05,0,0,0,0,0,0,0,0,0,0,0,0,0,0,0,0,0,0,0,0,0.0003065744,0,0,0,0,0,0,0,0,0,0,0,0,0,0,0,0,0,0,0,0,0,0,0,0,0.0001391771,0.0001353288,0,0,0,0.001225015,0.0005778734,0,0.004876328,0.001661146,0.002336507,0,0,0,0.1668925,0.2354786,0,0,0,0,0.01658195,0,0,0,0,0,0,0,0,0,0,0,0.03735461,0,0,0,0,0,0,0,0,0,0.05189701
"1260_W9",0,0.0092949793,0,0,0,0.0006308472,0.0039188006,0.0001546834,0,0,0.0934417981,2.37616e-05,0.0261750345,0,0,0,0.0206637407,0,0.0157865556,0,0,0.0072715159,0,0,0,0,0.0507179731,0,0,0,0.0335029259,0,0,0,0,0.0024143651,0,0.0573297551,0.1030163256,0.0261517388,0.0200710984,0,0,0.0047313541,0,0,0,0.0022792501,0,0,0,0,0.0008064967,0.0144731447,0,0,0.0003224123,0.0582937307,0,0.0017513698,0.0004039472,0,0,0,0,0,0,0.0367694472,0,0,0,0.0005227552,0,0,0,0,0,0,0.0042141899,0,0,0.0002259682,0,0,0,0,0,0.0001914906,0,0,0,0,0,0,0,0,0,0,0,0.0001062283,0,0.0810559469,0,0,0,0.0077793619,0.0008283946,0,0,0,0,0,0,0,0.0008661337,0,0.002749357,0,0,0,0,0,0,0,0,0,0,0,0,0.1705491259,0,0,0.1004025495,0,0,0.000658802,0,0,0,0,0,0,0,0.0298496962,0,0,0,0,0,0,0,0.0096029483,0
"1261_W3",0,0.004372134,0.003907756,0,0,0.0002591879,0,0,0,0,0,0,0,0.005526849,0,0,0,0.04325281,0,0,0,0,0,0,0,0,0,0,0,0,0,0,0,0,0,0,0,0.001405596,0,0,0,0,0,0,0,0,0,0,0,0,0,0,0,0,0,0,0,0,0,0,0,0,0,0.00029574,0.0003879511,0,0,0,0,0,0,0,0,0,0,0,0,0,0,0.001051705,0,0,0,0,0,0.0003904433,0,0,0,0,0,0,0,0,0,0,0,0.0001013491,0,0,0,0,0,0,0,0,0,0,0,0,0,6.728916e-05,0.0002010368,0,0.001368213,0.003778162,0,0,0.01746694,0,0,0,0,0,0.09731342,0.355747,0,0.002994783,0,0,0.0008058085,0,0,0,0,0,0,0,0,0,0,0,0.4135758,0,0,0,0,0,0,0,0,0,0.04573005
"1261_W9",0,0.006544484,0,4.497318e-05,0,0.0006122727,0.006613537,0.000767023,0,0,0.06902676,0.004510421,0.02968089,0,0.0006374152,0,0.03905089,0,0,0,0.0007128427,0,0.1125066,0.01153474,0.01429758,0,0,0,0,0.01082827,0.01745986,0,0.01318033,0,0,0,0.003090756,0.0572622,0.0190442,0,0.0004692084,0,0,0.04808802,0,0.0003636808,0,0.001832569,0.000358369,0.000429547,0,0,0.006222943,0,0.01038137,0.01988275,0.01880835,0.000820495,0.006098293,0.001241897,0.0009285015,0,0,0,0,0,0,0.02811709,0,0,0.07704898,0.002724596,0.0009635593,0,0,0,0,0,0.001406563,0.005506205,0,7.365687e-05,0.0005531348,0,0,0,0,0,0,0,0,0,0,0,0,0,0,0,0,0.0004313176,0,0.0781039,0,0,0,0,0,0,0,0,0,0,0,0,0,0,0,0,0,0,0,0.002554619,0,0,0,0,0.000349516,0,0,0.1185585,0.05498414,0.02839543,0.0126063,0.004845064,0.01685822,0.0271631,0,0,0,0,0,0,0,0.0003824491,0,0,0,0,0,0,0,0.004988836,5.276381e-05
"1262_W3",0,0.03305064,0.004703963,0,0,8.225403e-05,0,0,0,0,0,0,0,0.01880327,0,0,0,0.03868262,0,0,0,0,0,0,0,0,0,0,0,0,0,0,0,0,0,0,0,0.001231875,0,0,0,0,0,0,0,0,0,0,0,0,0,0,0,0,0,0,0,4.161086e-05,0,0,0,0,0,0.000731577,0.0007170616,0,0,0,0,0,0,0,0,0,0,0,0,0,0,0.0005283612,0,0,0,0,0,0.002739543,0,0,0,0,0,0,0,0,0,0,0,0,0,0,0,0,0,0,0,0,0,0,0,0,0.001421543,0.0006125506,0,0,0.0004354625,0,0.001640242,0,0.003686916,0,0,0,0,0,0.01993451,0.09761908,0,0.0002012805,0,0,0.00493621,0,0,0,0,0,0,0,0,0,0,0,0.7547698,0,0,0,0,0,0,0,0,0,0.01342966
"1262_W9",0,0.004086121,0,0,0,0.0002608743,0.001204341,0.0002375421,0,0,0.03489585,1.191434e-05,0.005455773,1.315541e-05,0.0001112005,0,0.006568026,0,0.07865075,0,0,0.01097658,0,0,0,0,0.01000333,0,0,0,0.02487862,0,0,0,0,0,0,0.03295456,0.09887459,0.01797253,0.005574172,0,0,0.008024057,0.002315104,0.0004611841,0,0.002875823,0.0004941967,0.002056464,0,0.0003700891,0.005555804,0.02408359,0.03303597,0.0005944757,0,0.003294314,0,0.00225876,0.001531737,0,8.861287e-05,0,0,0,0,0,0,0,0.04723265,0.002847775,2.655904e-05,0,0,0,0,0,0.001192426,0,1.6134e-05,0.0007466317,0,0,0,0,0,0,0,0,0,0,0,0,0,0,0,0,0,0,0,0.02737914,0,0.000177474,0,0.004784351,0.03031628,0,0,0,0,0,0,0,0,0,0,0,0,0,0,0.003884818,0,0,0,0,0.001431954,0,0,0.04730537,0,0,0.08265372,0,0,0.003160526,0,0,0.1408915,0,0,0.05161588,0,0.1214341,0,0,0,0,0,0,0,0.01313258,0
"1263_W3",0,0.0205304967,0.0194994512,0,0,0.0018955376,0,0,0,0,0,0,0,0.0572928233,0,0,0,0.1092495892,0,0,0,0,0,0,0,0,0,0,0,0,0,0,0,0,0,0,0,0.0064749662,0,0,0,0,0,0,0,0,0,0,0,0,0,0,0,0,0,0,0,0,0,0,0,0,0,0.023166801,0.0015433959,0,0,0,0,0,0,0,0,0,0,0,0,0,0,0.0065114494,0,0,0,0,0,0,0,0,0,0,0,0,0,0,0,0,0,0.001246772,0,0,0,0,0,0,0,0,0,0,0,0,0,0.0009596655,0,0.0035039687,0.0583127653,0.0219739605,0,0,0,0,0,0,0,0,0.0285663073,0.1899312848,0,0.0291072097,0,0,0.0104103879,0,0,0,0,0,0,0,0,0,0,0,0.3665795301,0,0,0,0,0,0,0,0,0,0.0432436377
"1263_W9",0,0.0053307587,0.0051298374,0,0,0.1508400624,0,0,0,0,0,0,0,0.1244093972,0,0,0,0.0011738032,0,0,0,0,0,0,0,0,0,0,0,0,0,0,0,0,0,0,0,0.0001173803,0,0,0,0,0,0,0,0,0,0,0,0,0,0,0,0,0,0,0,0.0074763865,0,0,0,0,0,0,0.0049193988,0,0,0,0,0,0,0,0,0,0,0,0,0,0,0.0007518686,0,0,0,0,0,0.0027980932,0,0,0,0,0,0,0,0,0,0,0,0.0002569677,0,0,0,0,0,0,0,0,0,0,0,0,0.0216857507,0.0001501622,0,0.0907392211,0.0258955802,0.0809194581,0,0.0030719806,0.012789168,0,0,0,0,0,0.1846445385,0.2472241139,0,0.0021530301,0,0,0.0275230425,0,0,0,0,0,0,0,0,0,0,0,0,0,0,0,0,0,0,0,0,0,0
"1264_W3",0,0.0041978247,0.0178541199,0,0,0.0425166583,0,0,0,0,0,0,0,0.068398577,0,0,0,0.0384893941,0,0,0,0,0,0,0,0,0,0,0,0,0,0,0,0,0,0,0,0.003735784,0,0,0,0,0,0,0,0,0,0,0,0,0,0,0,0,0,0,0,0,0,0,0,0,0,0.004052721,0.0081016235,0,0,0,0,0,0,0,0,0,0,0,0,0,0,0.0054108408,0,0,0,0,0,0,0,0,0,0,0,0,0,0,0,0,0,0.0006033259,0,0,0,0,0,0,0,0,0,0,0,0,0.0143499927,0.0010717309,0,0,0.1109954241,0.0122192593,0,0,0.0154051766,0,0,0,0,0,0.0129015013,0.1441758046,0,0.0016343259,0,0,0.0025367692,0,0,0,0,0,0,0,0,0,0,0,0.4677443375,0,0,0,0,0,0,0,0,0,0.0236048088
"1264_W9",0,0.003457474,0,0,0,0.1456318,0.0002031436,0,0,0,0.0339013,0.0009138943,0.003479654,0.01250014,0,0,0.01572675,0,0.1071006,0.0006381634,0,0.02504917,0.003126295,0,0,0.001861058,0,0,0,0,0.001444689,0,0.01626157,0.001597425,0,0,0.03452182,0.05670732,0.004846715,0,0.01494643,0,0,0.008480617,0,0,0.0001129136,4.032628e-05,0.0006794978,9.426268e-05,0,0,0.001054028,0,0,0,0,0,0,0,0.0001416461,0,0,0.0002086885,0.004337595,0,0,0.1668848,0,0,0,0,0,0,0,0,0,0.03588484,0,1.965906e-05,0,0.004787234,0,0,0,0,0,0,0,0,0,0,0,0,0,0,0,0,0,0,0,0.01202328,0,0,0,0.00730561,0.0007808176,0,0,0,0,0,0,0,0.03469724,0.03064596,0,0,0,0,0,0,0.0007934196,0,0,0.0004077995,0.0007621667,0,0,0.07157007,0.06460623,0.00059078,0.002214921,0,0.01064815,0.03825855,0.01085029,0,0,0,0,0,0,0.0008523967,0,0,0,0,0,0,0,0.005547384,0.0008035011
"1265_W3",0,0.0195071078,0.0045566247,0,0,0.1741142872,0,0,0,0,0,0,0,0.0104842544,0,0,0,0.0364379315,0,0,0,0,0,0,0,0,0,0,0,0,0,0,0,0,0,0,0,0.0001992059,0,0,0,0,0,0,0,0,0,0,0,0,0,0,0,0,0,0,0,0,0,0,0,0,0,0,0.0007432555,0,0,0,0,0,0,0,0,0,0,0,0,0,0,0.0001707479,0,0,0,0,0,0.0014597269,0,0,0,0,0,0,0,0,0,0,0,0,0,0,0,0,0,0,0,0,0,0,0,0,0.0017660687,0.0003080158,0,0.0004553277,0.0008403474,0.0019033366,0.0005808776,0,0.0528749255,0.0050119524,0,0,0,0,0.0737178843,0.2725253276,0,0.0005256356,0,0,0.0066072732,0,0,0,0,0,0,0,0,0,0,0,0.3003070114,0,0,0,0,0,0,0,0,0,0.0349028746
"1265_W9",0,0.0126781606,0.0020126226,0,0,0.4078845356,0,0,0,0,0,0,0,0.0107242089,0,0,0,0.0475695565,0,0,0,0,0,0,0,0,0,0,0,0,0,0,0,0,0,0,0,0.0002744962,0,0,0,0,0,0,0,0,0,0,0,0,0,0,0,0,0,0,0,0.0053170535,0,0,0,0,0,0,0,0,0,0,0,0,0,0,0,0,0,0,0,0,0,0.0017129818,0,0,0,0,0,0,0,0,0,0,0,0,0,0,0.0006170925,0,0,0,0,0,0,0,0,0,0,0,0,0,0,0,0.0037119844,0,0,0,0.0484098081,0.0286209397,0,0,0.0111275716,0,0,0,0,0,0,0.4184494948,0,0,0,0,0,0,0,0,0,0,0,0,0,0,0.0008894933,0,0,0,0,0,0,0,0,0,0,0,0
"1266_W3",0,0.054423393,0.001504852,0,0,0.150057334,0,0,0,0,0,0,0,0.007825228,0,0,0,0.065054361,0,0,0,0,0,0,0,0,0,0,0,0,0,0,0,0,0,0,0,0.005559245,0,0,0,0,0,0,0,0,0,0,0,0,0,0,0,0,0,0,0,0.002173951,0,0,0,0,0,0,0.036848965,0,0,0,0,0,0,0,0,0,0,0,0,0,0,0.001043447,0,0,0,0.001382971,0,0.006062935,0,0,0,0,0,0,0,0,0,0,0,0,0,0,0,0,0,0,0,0,0,0,0,0,0.038336405,0,0,0,0.003372857,0,0.004228509,0,0.02505267,0,0,0,0,0,0.220857492,0.144537886,0,0,0,0,0.006118901,0,0,0,0,0,0,0,0,0,0,0,0.143882467,0,0,0,0,0,0,0,0,0,0.081676131
"1266_W9",0,0.001604993,0,0,0,0.3903824,0,0,0,0,0.0002536501,0.001715476,0.001527425,0,0,0,0,0,0,0,0,0.00108089,0,0.03042581,0,0,0,0.1277796,0,0,0.04226151,0,0,0,0,0,0,0.151508,0.005114663,0.0001295871,0.01592725,0,0,0,0,0,5.063795e-06,0.0005890114,0.0006624364,0,0,0,0,0,2.577932e-05,0.01226244,0.01016281,0,0,0.002333489,0.002622355,9.022761e-05,0,0.0001608906,0,0,0,0,0,0,0,0,0.0001116337,0,0,0,0,0,0,0,0,0,0,0,0,0,0,0.0008023813,0,0,0,0,0,0,0,0,0,0,0,0,0,0.00540422,0,0.0002232673,0.006948907,0,0.0005954562,0,0,0,0,0,0,0,0,0,0,0,0,0,0,0,0,0,0,0,0,0,0,0.1446751,0,0,0.03290316,0,0.0008424313,0,0,0,0,0,0,0,0,0,0,0,0,0,0,0.0005800347,0,0.00828759,0
"1267_W3",0,0.0060673341,0.0007047821,0,0,0.4991482361,0,0,0,0,0,0,0,0.0089841461,0,0,0,0.0446924977,0,0,0,0,0,0,0,0,0,0,0,0,0,0,0,0,0,0,0,0.0003368712,0,0,0,0,0,0,0,0,0,0,0,0,0,0,0,0,0,0,0,0.000287573,0,0,0,0,0,0,0.0012762764,0,0,0,0,0,0,0,0,0,0,0,0,0,0,0.0014305616,0,0,0,0,0,0,0,0,0,0,0,0,0,0,0,0,0,0.0001396783,0,0,0,0,0,0,0,0,0,0,0,0,0.0051105832,0.0001606757,0.0001752826,0,0.0204761114,0.0043199857,0,0.0006527451,0.0148515484,0,0,0,0,0,0.0537368972,0.1193893593,0,0,0,0,0.0118945675,0,0,0,0,0,0,0,0,0,0,0,0.1505157143,0,0,0,0,0,0,0,0,0,0.055648573
"1267_W9",0,0.0013147894,0.0001561277,0,0,0.5847501586,0,0,0,0,0,0,0,0.0102832659,0,0,0,0,0,0,0,0,0,0,0,0,0,0,0,0,0,0,0,0,0,0,0,0,0,0,0,0,0,0,0,0,0,0,0,0,0,0,0,0,0,0,0,0.0021468984,0,0,0,0,0,0,0,0,0,0,0,0,0,0,0,0,0,0,0,0,0,0.0003191181,0,0,0,0,0,0.0001263891,0,0,0,0,0,0,0,0,0,0,0,0,0,0,0,0,0,0,0,0,0,0,0,0,0,0.0001092322,0,0,0.0028463275,0.0027119319,0,0,0.0034416714,0,0,0,0,0,0.1087231902,0.2780839647,0,0.004986935,0,0,0,0,0,0,0,0,0,0,0,0,0,0,0,0,0,0,0,0,0,0,0,0,0
"1268_W3",0,0.003462425,0.002923347,0,0,0,0,0,0,0,0,0,0,0.005662762,0,0,0,0,0,0,0,0,0,0,0,0,0,0,0,0,0,0,0,0,0,0,0,0,8.120409e-05,0,0,0,0,0,0,0,0,0,0,0,0,0,0,0,0,0,0,0,0,0,0,0,0,0,2.739415e-05,0,0,0,0,0,0,0,0,0,0,0,0,0,0,0,0,0,0,0,0,0.001509613,0,0,0,0,0,9.783625e-06,0,0,0,0,0,2.445906e-05,0,0,0,0,0,0,0,0,0,0,0,0,0.0001174035,0.0001712134,0,0.008610569,0,0.0004520035,0.001496895,0,0.0003218813,0,0,0,0,0,0.9736165,0,0,0.001512548,0,0,0,0,0,0,0,0,0,0,0,0,0,0,0,0,0,0,0,0,0,0,0,0,0
"1268_W9",0,0.003462425,0.002923347,0,0,0,0,0,0,0,0,0,0,0.005662762,0,0,0,0,0,0,0,0,0,0,0,0,0,0,0,0,0,0,0,0,0,0,0,0,8.120409e-05,0,0,0,0,0,0,0,0,0,0,0,0,0,0,0,0,0,0,0,0,0,0,0,0,0,2.739415e-05,0,0,0,0,0,0,0,0,0,0,0,0,0,0,0,0,0,0,0,0,0.001509613,0,0,0,0,0,9.783625e-06,0,0,0,0,0,2.445906e-05,0,0,0,0,0,0,0,0,0,0,0,0,0.0001174035,0.0001712134,0,0.008610569,0,0.0004520035,0.001496895,0,0.0003218813,0,0,0,0,0,0.9736165,0,0,0.001512548,0,0,0,0,0,0,0,0,0,0,0,0,0,0,0,0,0,0,0,0,0,0,0,0,0
"1269_W3",0.0012988289,0.0013236346,0.0150203754,0,0,0,0,0,0,0,0,0,0.0001458578,0.1620073207,0,0,0,0.0073563921,0,0,0,0,0,0,0,0,0,0,0,0,0,0,0,0,0,0,0,0.0004613869,0,0,0,0,0,0,0,0,0,0,0,0,0,0,0,0,0,0,0,0,0,0,0,0,0,0.0001329588,0.0027058108,0,0,0,0,0,0,0,0,0,0,0,0,0,0,0.0030640058,0,0,0,0,0,0.0003770473,0,0,0,0,0,0,0,0,0,0,0,0.0025133182,0,0,0,0,0,0,0,0,0,0,0,0.129813431,0.0122639609,0.000651895,0,0.0015042204,0,0,0.0049958773,0,0.0031344541,0,0,0,0,0,0.3101323535,0.165509892,0,0.0104313124,0,0,0,0,0,0,0,0,0,0,0,0,0,0,0.0751465275,0,0,0,0,0,0,0,0,0,0.0900091384
"1269_W9",0.0003081289,0.0144622787,0.0029157736,0,0,0,0,0,0,0,0,0,0,0.0517937577,0,0,0,0,0,0,0,0,0,0,0,0,0,0,0,0,0,0,0,0,0,0,0,0,0,0,0,0,0,0,0,0,0,0,0,0,0,0,0,0,0,0,0,0,0,0,0,0,0,0.0019684855,0.0444933934,0,0,0,0,0,0,0,0,0,0,0,0,0,0,0.0258859486,0,0,0,0,0,0,0,0,0,0,0,0,0,0,0,0,0,0.0009160588,0,0,0,0,0,0,0,0,0,0,0,0.0002675308,0.0047333176,0.0006422822,0.0216564634,0,0.0003383172,0.0124979571,0.0093968898,0,0,0,0,0,0,0,0.0001405318,0,0,0.1151381844,0,0,0.6924447008,0,0,0,0,0,0,0,0,0,0,0,0,0,0,0,0,0,0,0,0,0,0
"1270_W3",0,0.0276855301,0.0110185515,0,0,0,0,0,0,0,0,0,0,0.1210842584,0,0,0,0.0025284387,0,0,0,0,0,0,0,0,0,0,0,0,0,0,0,0,0,0,0,0.0008960607,0,0,0,0,0,0,0,0,0,0,0,0,0,0,0,0,0,0,0,0,0,0,0,0,0,0,0.0084077451,0,0,0,0,0,0,0,0,0,0,0,0,0,0,0.0027518299,0,0,0,0,0,0.0013303631,0,0,0,0,0,0,0,0,0,0,0,0.0014626506,0,0,0,0,0,0,0,0,0,0,0,0.0078461471,0.0007400613,0.0004417904,0.0172997123,0.0147924896,0.0091003825,0.000812445,0.0446919635,0,0.0075403883,0,0,0,0,0,0.2102972101,0.1532114042,0,0.0285503909,0,0,0,0,0,0,0,0,0,0,0,0,0,0,0.2746900291,0,0,0,0,0,0,0,0,0,0.0528201576
"1270_W9",0,0.0041798845,0.0037590289,0,0,0,0,0,0,0,0,0,0,0.0162157402,0,0,0,0.0129369577,0,0,0,0,0,0,0,0,0,0,0,0,0,0,0,0,0,0,0,0.0036238636,0,0,0,0,0,0,0,0,0,0,0,0,0,0,0,0,0,0,0,0,0,0,0,0,0,0,0.000199676,0,0,0,0,0,0,0,0,0,0,0,0,0,0,0.0004659107,0,0,0,0,0,0.0015595209,0,0,0,0,0,0,0,0,0,0,0,0.0002232275,0,0,0,0,0,0,0,0,0,0,0,0,0,0,0.0007628648,0,0.0113088302,0.0364915593,0,0,0,0,0,0,0,0,0.4297171154,0.1781202193,0,0.0024339994,0,0,0.0236549517,0,0,0,0,0,0,0,0,0,0,0,0.2743466498,0,0,0,0,0,0,0,0,0,0
"1271_W3",0,0.003656461,0.001007936,0,0,0,0,0,0,0,0,0,0,0.1016375,0,0,0,0.006738716,0,0,0,0,0,0,0,0,0,0,0,0,0,0,0,0,0,0,0,0.002639296,0,0,0,0,0,0,0,0,0,0,0,0,0,0,0,0,0,0,0,0,0,0,0,0,0,9.740992e-05,0.001811825,0,0,0,0,0,0,0,0,0,0,0,0,0,0,0.001909234,0,0,0,0,0,0.001581117,0,0,0,0,0,0,0,0,0,0,0,0.0005198614,0,0,0,0,0,0,0,0,0,0,0,0.006281402,0.003909727,0,0.0001179173,9.535919e-05,0.02715071,0.007495437,0.002554191,0,0.0003855382,0,0,0,0,0,0.46265,0.17789,0,0.005844595,0,0,0.0004306544,0,0,0,0,0,0,0,0,0,0,0,0.1388645,0,0,0,0,0,0,0,0,0,0.04473064
"1271_W9",2.635037e-06,0.0007246353,0,1.159416e-05,0,0.2180564,0.002580229,0.0003650405,0,0,0.08224478,0.004700555,0,8.133482e-05,2.722872e-05,0,0.03090987,0,0.001774434,0.0005758435,0,0,0,0,0,0,0.005184699,0.2517086,0,0.0003453656,0.001451906,0,0,0.0006108017,0,0,0.04842127,0.17059,0.006240295,0.00453894,0.001493715,9.609103e-05,0.0002162487,0,9.556402e-05,0,5.920051e-05,0.0011025,0,0.0002858137,0,0,0,0,0,0,0,0,0,0,2.318833e-05,0,0,9.082095e-05,0,0,0,0,0.001441892,0,0,0.00137426,0,0.0004421593,3.495816e-05,0,0,0.008006122,0,0,0,0,0,0,0,0,0,0,0,0,0,4.21606e-06,0,0,0,0,0,0,0,0,0,0.07844032,0,0,0,0,0,0,0,0.001782866,0,0,0,0,0,0,7.729443e-06,0,0,0,0,0,0,0,1.159416e-05,0,0.0007149735,0,0,0.02944918,0,0,0.006344467,0,0,0.02279009,0,0,0,0,0,0,0,0.004277895,0,0,0,0,0,0,0.001053312,0.008844942,0.0003694322
"1272_W3",0.0001305362,0.035868559,0.0075232698,0,0,0,0,0,0,0,0,0,0,0.02795667,0,0,0,0.0036609925,0,0,0,0,0,0,0,0,0,0,0,0,0,0,0,0,0,0,0,0.0004165201,0,0,0,0,0,0,0,0,0,0,0,0,0,0,0,0,0,0,0,0,0,0,0,0,0,0,0.0111703119,0,0,0,0,0,0,0,0,0,0,0,0,0,0,0.0200457774,0,0,0,0,0,0.0030182761,0,0,0,0,0,0,0,0,0,0,0,0.0012824435,0,0,0,0,0,0,0,0,0,0,0,0.076556993,0.0002849874,0.0004613608,0.0013083514,0.0002351645,0,0,0.0163110469,0,0.0005560244,0,0,0,0,0,0.4753690139,0.1236656161,0,0.0076747317,0,0,0,0,0,0,0,0,0,0,0,0,0,0,0.1509536616,0,0,0,0,0,0,0,0,0,0.0355496919
"1272_W9",0,0.1387918448,0,0,0,0.4870672124,0,0,0,0,0,0,0,0.2124009281,0,0,0,0,0,0,0,0,0,0,0,0,0,0,0,0,0,0,0,0,0,0,0,0,0,0,0,0,0,0,0,0,0,0,0,0,0,0,0,0,0,0,0,0,0,0,0,0,0,0.0098276671,0,0,0,0,0,0,0,0,0,0,0,0,0,0,0,0.0016138283,0,0,0,0,0,0,0,0,0,0,0,0.0006165919,0,0,0,0,0,0.0014456669,0,0,0,0,0,0,0,0,0,0,0,0,0,0.0005201272,0.0027714047,0,0.0003311086,0.0668409115,0,0,0,0,0,0,0,0,0.0001303577,0,0,0.0776423506,0,0,0,0,0,0,0,0,0,0,0,0,0,0,0,0,0,0,0,0,0,0,0,0,0
"1273_W3",0,0.005400177,0.006449805,0,0,0,0,0,0,0,0,0,0,0.0939673,0,0,0,0.003839475,0,0,0,0,0,0,0,0,0,0,0,0,0,0,0,0,0,0,0,0.001132975,0,0,0,0,0,0,0,0,0,0,0,0,0,0,0,0,0,0,0,0,0,0,0,0,0,0.0006044975,0.004619826,0,0,0,0,0,0,0,0,0,0,0,0,0,0,0.005908505,0,0,0,0,0,0.001182434,0,0,0,0,0,0,0,0,0,0,0,0.001146713,0,0,0,0,0,0,0,0,0,0,0,0.002994094,0.01307821,9.067462e-05,0.0009113257,0.002167948,0.2239132,0.0003636144,0.001773193,0,0.0003709416,0,0,0,0,0,0.2081935,0.1238551,0,0.05035281,0,0,0.0007620332,0,0,0,0,0,0,0,0,0,0,0,0.2027155,0,0,0,0,0,0,0,0,0,0.04420617
"1273_W9",0,0.002942427,0,0,0,0.004229181,0.001049395,0.0007591366,0,6.629564e-05,0.05257553,0.001132522,0.01479629,0.01232446,4.053309e-05,0,0.008035512,0,0,0.007231721,0,0,0.009833052,0,0,0.005196135,0.002392139,0,0.0006804749,0,0.009307496,0,0.1527589,0.0005437616,0,0.001000274,0.03003742,0.1766659,0.03325121,0,0.005962486,0,0,0.03021707,0.0004599475,0,0.0001229733,0.000716886,0.000482962,0.0009879081,0,0,0,0,0,0,0,0,0,0,7.831817e-05,0,0,0.0003211732,0,0,0,0,0,0,0,0.001556402,0.0008436378,0,0.0002500685,0.0006595214,0,0,0,0,0,0,3.984608e-05,0,0,0,0,0,0,0,0,0,0,0,0,0,0,0,0,0,0,0.2340167,0,0,0,0,0,0.01016247,0,0.04214101,0,0,0,0,0,0,4.91206e-05,0,0,0,0,0,0,0,0,0,0.001090615,0,0,0.02971075,0,0,0.004428411,0,0.001883071,0.09496112,0,0,0,0,0,0,0,0.004879084,5.736462e-05,0,0,2.679306e-05,0,0,0,0.00210669,0.004937823
"1274_W3",0,0.006538401,0,0,0,0,0,0,0,0,0,0,0,0.01327103,0,0,0,0.003267894,0,0,0,0,0,0,0,0,0,0,0,0,0,0,0,0,0,0,0,6.619402e-05,0,0,0,0,0,0,0,0,0,0,0,0,0,0,0,0,0,0,0,0,0,0,0,0,0,0,0.0001315171,0,0,0,0,0,0,0,0,0,0,0,0,0,0,0.0003623252,0,0,0,0,0,0.0007220374,0,0,0,0,0,0,0,0,0,0,0,0,0,0,0,0,0,0,0,0,0,0,0,0.008491996,0,0,0,0,0.01234954,0.01389987,0.0003623252,0,0.0004110997,0,0,0,0,0,0.5141716,0.1744056,0,0.004127545,0,0,0,0,0,0,0,0,0,0,0,0,0,0,0.2136386,0,0,0,0,0,0,0,0,0,0.03378247
"1274_W9",0,0.0007002628,0,4.241161e-05,0,0.3424626,0.001023157,0.0008276861,0,0,0.03067943,0.0004806649,0,0.002667031,0.0002686069,0,0.008239162,0,0,0,0,7.238248e-05,0,0,0,0,0,0,0,0.0005390987,0.04508637,0,0,0.003785189,0,0,0.04273149,0.2637902,0.07327388,0,0.005974948,0,0,0,0.0002657794,0,0,0.0002503228,0,0,0,0,0,0,0,0,0,0,0,0,0,0,0,0,0.00150778,0,0,0,0,0.000953413,0,0.001875536,0,0,0,0,0,0,0,0,0,0,0,0,0,0,0,0.0003573885,2.525847e-05,0,0,2.073457e-06,0,0,0,0.0003063061,0.0002761467,0,0,0,0,0.007617879,0,0,0,0,0,0.02153247,0,0.007213367,0,0,0,0,0,0,1.017879e-05,0,0,0,0,0,0.0009460617,0,0,0,0.0002623865,0,0,0.03239003,0,0,0.0007762267,3.091335e-05,0.001607117,0.05424388,0,0,0,0,0,0,0,0.001775633,0,0,0,0,0,0.03959454,0,0.003014052,0.0005206261
"1275_W3",0,0.001528343,0,0,0,0,0,0,0,0,0,0,0,0.01700193,0,0,0,0.004094122,0,0,0,0,0,0,0,0,0,0,0,0,0,0,0,0,0,0,0,0.0004540401,0,0,0,0,0,0,0,0,0,0,0,0,0,0,0,0,0,0,0,0,0,0,0,0,0,0,0,0,0,0,0,0,0,0,0,0,0,0,0,0,0,0,0,0,0,0,0,0.000330505,0,0,0,0,0,0,0,0,0,0,0,0,0,0,0,0,0,0,0,0,0,0,0,0.01839574,0,0,0,0,0,0.01214719,0,0,0,0,0,0,0,0,0.3051123,0.2209526,0,0.0002011488,0,0,9.119609e-05,0,0,0,0,0,0,0,0,0,0,0,0.3574292,0,0,0,0,0,0,0,0,0,0.0622617
"1275_W9",0.0007963065,0.001359411,0,0,0,0.0006916457,0.007291467,0.0006695343,0,0,0.0764752,0.01987287,0,0.02142922,0,0,0.02858272,0,0.01166865,0,0,0,0,0,0,0,0.01528844,0.2895799,0,0.0001250033,8.107526e-05,0,0,0.02268309,0,0,0.06649882,0.2424227,0.02934541,0.005920263,0.003096191,0,0,0,1.38565e-05,0,0.0003714721,0.003894266,0,0.001085524,0,0,0,0,0,0,0,0,0,0,5.306745e-05,0,0,3.862131e-05,0,0,0,0,0,0,0,3.066119e-05,0,0.008583365,0,0,0,0,0,0.001256519,0,0,0,0,0,0,0,0,0,0,0,8.844574e-06,0,0,0,0,0,0,0,0,0,0.002708503,0,0,0,0,0,0,0,0,0,6.78084e-06,0,0.04777633,0.0002273056,0.01071225,5.306745e-06,0,0,0,0,0,0,0,0,0,0.003015705,0,0,0.02641462,0,0,0.01427337,0,0,0.02815611,0,0,0,0,0,0,0,0.001016536,0,0,0,0,0,0,0,0.006373105,9.994369e-05
"1276_W3",0,0.0008715275,0.0015500739,0,0,0.0373107151,0,0,0,0,0,0,0,0.0278951054,0,0,0,0.0065229684,0,0,0,0,0,0,0,0,0,0,0,0,0,0,0,0,0,0,0,0.0002915467,0,0,0,0,0,0,0,0,0,0,0,0,0,0,0,0,0,0,0,0,0,0,0,0,0,0,0.0007584364,0,0,0,0,0,0,0,0,0,0,0,0,0,0,0.0011143102,0,0,0,0,0,0.0016133634,0,0,0,0,0,0,0,0,0,0,0,0.0001857184,0,0,0,0,0,0,0,0,0,0,0,0.0003371981,0.0108121288,0,0,0,0.0015158353,0.0012429642,0.0012118382,0,0,0,0,0,0,0,0.5235359116,0.2248312712,0,0.0032474775,0,0,0,0,0,0,0,0,0,0,0,0,0,0,0.112934402,0,0,0,0,0,0,0,0,0,0.0422172075
"1276_W9",0,0.0004493078,0,0,0,0.5141546,0.00575128,0,0.001060535,0,0.02205393,0,0,0.2407435,0.0002341167,0,0.01171775,0,0,0,0,0.0006301524,0,0.001344419,0.003827878,0,0,0.0002088826,0,0,0.003493526,0,0.00911513,0,0,0,0.002622948,0.07751295,0.02680846,0.003204735,0.00100516,0,0,0,0,0,0,0,0,0,0,0,0,0,0,0,0,0,0,0,0,0,0,0,0,0,0,0,0,0,0,0,0,0,0,0,0,0,0,0.0003553807,0,0,0,0,0,0,0,0,0,0,0,0,0,0,0,0,0,7.990809e-05,0,0,0,0.00121264,0,0,0,0,0,0,0,0.001400494,0,9.4628e-05,0,0,0.0008313245,0,0,0,0,0,0,0,0,0,0,0,0,2.593508e-05,0,0.01559259,0,0,0.02864144,0,0,0.0192221,0,0,0,0,0,0,0,0.005424638,0,0,0,0,0,0,0,0.001000253,0.0001794427
"1277_W3",0,0.003388224,0,0,0,0,0,0,0,0,0,0,0,0.023902038,0,0,0,0.00348046,0,0,0,0,0,0,0,0,0,0,0,0,0,0,0,0,0,0,0,0,0,0,0,0,0,0,0,0,0,0,0,0,0,0,0,0,0,0,0,0,0,0,0,0,0,0,0,0,0,0,0,0,0,0,0,0,0,0,0,0,0,0,0,0,0,0,0,0,0,0,0,0,0,0,0,0,0,0,0,0,0,0,0,0,0,0,0,0,0,0,0,0.005312342,0.001230595,0,0,0,0.014707599,0,0,0,0,0,0,0,0,0,0.37877585,0.379016364,0,0.001770002,0,0,0,0,0,0,0,0,0,0,0,0,0,0,0.094725486,0,0,0,0,0,0,0,0,0,0.093691039
"1277_W9",0,4.116031e-05,0,0,0,0.224524,0.000296013,0.001280022,0,0,0.05015309,0.0002989987,0,0.02290006,1.322248e-05,0,0.006435511,0,0.04239725,0.00171871,0,4.691849e-06,0,0,0,0,0.01767974,0,0,6.888487e-05,0.01031908,0.005709554,0,0.01048671,0,0,0.05004326,0.1729087,0.1145959,0,0.01498705,0,0,0.004432304,0,0,0.0001962046,0.001207298,0,0,0,0,0,0,0,0,0,0,0,0,0,0,0,0,0,0,0,0,0,0,0,5.331647e-05,0,0.009832409,0,0,0,0,0,0,0,0,0,0,0,0,0.0003685234,0,0,0,0,0,0,0,0,0.00015803,0,0,0,0,0,0.04641753,0,0,0,0,0,0,0,0,0,0,0.0007971878,0,0.06894949,0,0,0,0,0,0,0,0.0004864594,0,0,0,0.001207725,0,0,0.04702576,0,0.001336537,0.004248469,6.270016e-05,0.002249742,0.05991129,0,0,0,0,0,0,0,0.001696743,0,0,0,0,0,0,0,0.002478363,2.239292e-05
"1278_W3",0,0.0076165595,0.000257759,0,0,0,0,0,0,0,0,0,0,0.0159207675,0,0,0,0.0032914511,0,0,0,0,0,0,0,0,0,0,0,0,0,0,0,0,0,0,0,0,0,0,0,0,0,0,0,0,0,0,0,0,0,0,0,0,0,0,0,0,0,0,0,0,0,0.0001598979,0.002878163,0,0,0,0,0,0,0,0,0,0,0,0,0,0,0.0057196281,0,0,0,0,0,0.0013115127,0,0,0,0,0,0,0,0,0,0,0,0.0002918356,0,0,0,0,0,0,0,0,0,0,0,0.0028248637,0,0,0.0017885852,0,0,0.0119067175,0.002145079,0,0.0013586957,0,0,0,0,0,0.5376083461,0.0782696072,0,0.0020166364,0,0,0.000515518,0,0,0,0,0,0,0,0,0,0,0,0.2024640011,0,0,0,0,0,0,0,0,0,0.1216543758
"1278_W9",0,0.0225368971,0.2953043665,0,0,0.0007682018,0,0,0,0,0,0,0,0.2545070445,0,0,0,0,0,0,0,0.0003774015,0,0,0,0,0,0,0,0,0,0,0,0,0,0,0,0.0019841491,0.0018066141,0,0,0,0,0,0,0,0,0,0,0,0,0,0,0,0,0,0,0,0,0,0,0,0,0,0.0223749941,0,0,0,0,0,0,0,0,0,0,0,0,0,0,0.0702100719,0,0,0,0,0,0,0,0.0122722471,0,0,0,0,0,0,0,0,0,0.0045902291,0,0,0,0,0,0,0,0,0,0,0,0,0.0002579282,0.0002958917,0.0055940277,0.0248470854,0.0978251403,0.1740669363,0.0034334601,0,0,0,0,0,0,0,0,0,0,0.0069473134,0,0,0,0,0,0,0,0,0,0,0,0,0,0,0,0,0,0,0,0,0,0,0,0,0
"1279_W3",0,0.002261718,0,0,0,0,0,0,0,0,0,0,0,0.03295579,0,0,0,0.005577105,0,0,0,0,0,0,0,0,0,0,0,0,0,0,0,0,0,0,0,0.001270356,0,0,0,0,0,0,0,0,0,0,0,0,0,0,0,0,0,0,0,0,0,0,0,0,0,9.57882e-05,0.0005672894,0,0,0,0,0,0,0,0,0,0,0,0,0,0,0.0002483053,0,0,0,0,0,0.001742787,0,0,0,0,0,0,0,0,0,0,0,9.857815e-05,0,0,0,0,0,0,0,0,0,0,0,0.002472824,0.003238199,0,0,0.000318984,0.006988819,0.002375175,0.0003282838,0,0.002946185,0,0,0,0,0,0.4761892,0.2517872,0,0.0009225427,0,0,0.0005589195,0,0,0,0,0,0,0,0,0,0,0,0.1687537,0,0,0,0,0,0,0,0,0,0.03830226
"1279_W9",0,0.0007070174,0,0,0,0.1283472,0.009166179,4.441454e-05,0.02763359,0,0.07244011,0.0001557091,0,0.006494851,0,0,0.005950257,0,0,0,0,0.007584815,0.144858,0.004169285,0.001794141,0,0,0,0.000760728,0.001230696,0.01153358,0,0,0.01985149,0,0,0.02384518,0.2041922,0.04523104,0.01038448,0.00473273,0,0,0,0,0,0.0001510611,0.000124464,0,0,0,0,0,0,0,0,0,0,0,0,0,0,0,0,0,0,0,0,0,0,0,0.0008707315,0,0.0003878525,0.0002649379,0,0,0,0,0,0,0,0,0,0,0,0,0,0,0,0,0,0,0,0,0,0,0,0,2.194904e-05,0,0.01966763,0,0,0,0,0,0,0,0,0,0.0001205906,0,0,0.1723658,0,8.082413e-05,0,0,0,0,0,0.0007204451,0,0,0,0.0005944318,0,0,0.02462011,0,0,0.005392751,0,0,0.001143933,0,0,0,0,0,0,0,0.02271468,0,0,0,0,0,0.007225884,0,0.01222355,0.0002006401
"1280_W3",0,0.004749365,0.000387571,0,0,0,0,0,0,0,0,0,0,0.01175027,0,0,0,0.005961335,0,0,0,0,0,0,0,0,0,0,0,0,0,0,0,0,0,0,0,0.000225543,0,0,0,0,0,0,0,0,0,0,0,0,0,0,0,0,0,0,0,0,0,0,0,0,0,0,0.00165463,0,0,0,0,0,0,0,0,0,0,0,0,0,0,0.003427217,0,0,0,0,0,0.001415477,0,0,0,0,0,0,0,0,0,0,0,0.0001996185,0,0,0,0,0,0,0,0,0,0,0,0.01122984,0,6.351498e-05,0,0.0001315668,0.0004523822,0.01905579,0.007754661,0,3.305372e-05,0,0,0,0,0,0.6370747,0.1022883,0,0.003873118,0,0,0,0,0,0,0,0,0,0,0,0,0,0,0.1292018,0,0,0,0,0,0,0,0,0,0.05907023
"1280_W9",0,0.001339705,0,2.735432e-05,0,0.0008169094,0.004007955,0.000835948,0,2.297763e-05,0.1376874,0.03131369,0,0.01088921,7.899928e-05,1.947628e-05,0.007335335,0,0.008452923,0.0005564963,0,0,0,0,0,0,0.00455351,0.2387279,0,0.0001833834,8.687732e-05,0,0,0.006390407,0,0,0.02384181,0.2117231,0.0340058,0.0004297911,0.002958643,0,0,0,0.0006466561,0,4.81436e-05,0.001567731,0,0.001024365,0,0,0,0,0,0,0,0,0,0,8.972217e-06,0,0,0,0,0,0,0,0,0,0,0.00118477,0,0.005650746,0,0,0,0.04599728,0,5.842883e-05,0,0,0,0,0,0,0,0.0003247505,0,0,0,0,0,0,0,0,0,0,0,0,0,0.05209882,0,0,0,0,0,0,0,0.0220408,0,0,0,0.008003874,0,0,0,0,0,0,0,0,0,0,0,0,0.00112656,0,0,0.06362177,0,0,0.03593701,0,0,0.02829093,0,0,0,0,0,0,0,0.005772418,0,0,0,0,0,0,0,0,0.0003103074
"1281_W3",0,0.006028656,0.0003034935,3.091138e-05,0,0,0,0,0,0,0,0,0,0.003222277,1.967088e-05,0,0,0.002610607,0,0,0,0,0,0,0,0,0,0,0,0,0,0,0,0,0,0,0,0.000478658,0,0,0,0,0,0,0,0,0,0,0,0,0,0,0,0,0,0,0,0,0,0,0,0,0,0,0,0,0,0,0,0,0,0,0,0,0,0,0,0,0,0.0001442531,0,0,0,0,0,0.005958403,0,0,0,0,0,0,0,0,0,0,0,0,0,0,0,0,0,0,0,0,0,0,0,0.009365211,0,0,0,1.779746e-05,0.003480809,0.0004449365,0.001101569,0,0.0005039492,0,0,0,0,0,0.3582517,0.1160113,0,0.006829542,0,0,0.0004046581,0,0,0,0,0,0,0,0,0,0,0,0.3972983,0,0,0,0,0,0,0,0,0,0.08749326
"1281_W9",0,0.01210254,0.07703844,0,0,5.643404e-05,0,0,0,0,0.0001701572,0,0,0.136012,0,0,0,0,0,0,0,0,0,0,0,0,0,0.0004916602,0,0,0,0,0,0,0,0,0,0.001026928,5.557897e-05,0,0,0,0,0,0,0,0,0,0,0,0,0,0,0,0,0,0,0,0,0,0,0,0,0,0.01765017,0,0,0,0,0,0,0,0,0,0,0,0,0,0,0.04288217,0,0,0,0,0,0,0,0,0,0,0,0,0,0,0,0,0,0.001538255,0,0,0,0,0,0,0,0,0,0,0,0,0.003530547,0.0008490757,0.002978178,0.1940365,0.01434536,0.257181,0.002558343,0,0.002778094,0,0,0,0,0,0,0,0,0.2327186,0,0,0,0,0,0,0,0,0,0,0,0,0,0,0,0,0,0,0,0,0,0,0,0,0
"1282_W3",0,0.008918537,0.001315179,0,0,0,0,0,0,0,0,0,0,0.03350531,0,0,0,0.004680169,0,0,0,0,0,0,0,0,0,0,0,0,0,0,0,0,0,0,0,0.001437861,0,0,0,0,0,0,0,0,0,0,0,0,0,0,0,0,0,0,0,0,0,0,0,0,0,1.460499e-05,0.001173511,0,0,0,0,0,0,0,0,0,0,0,0,0,0,0.004776562,0,0,0,0,0,0.001757711,0,0,0,0,0,0.0001000442,0,0,0,0,0,0.0004396102,0,0,0,0,0,0,0,0,0,0,0,0.001835117,0.0002877183,0.0001387474,0.0006922765,0.001163287,0.1580676,0.0182577,0.0007076118,0,0.0005498779,0,0,0,0,0,0.09493024,0.02957437,0,0.00556158,0,0,0.0002526663,0,0,0,0,0,0,0,0,0,0,0,0.5841536,0,0,0,0,0,0,0,0,0,0.04570851
"1282_W9",0,0.0001996013,0,0,0,0.4655645,0.0007719873,0.0005074638,0,0,0.05894575,0.000523867,0,0.001392374,0,0,0.00924002,0,0,0,0,0,9.496601e-05,0.002012589,0,0,0,0,0,0.000910465,0.0774484,0.0006999858,0,0,5.853359e-05,0,0.04267548,0.1015387,0.09978545,0,0.008433845,0,0,0,0,0,0,6.768486e-05,0,0,0,0,0,0,0,0,0,0,0,0,0,0,0,0,0,0,0,0,0,0,0,0.0006951512,0,0.004973456,0,0,0,0,0,0,0,0,0,0,0,0,0,0.001298272,0,0,0,0,0.0002011553,0,0.0002218751,0.0003632881,0.0006592368,0,0,0,0,0.01938791,0,0,0,0,0,0,0,0.0007224323,0,0,0,1.45039e-05,0,0,0,0,0,0,0,0,8.70234e-05,0,0,0,0.0006112358,0,0.0001431397,0.001818685,0,0,0.008827177,0.0007402169,0.02119987,0.05997621,0,0,0,0,0,0,0,0.001829563,0,0,0,0,7.044751e-05,0.004326306,0,0.0007124177,0.0002488109
"1283_W3",0,0.004839067,0.0003334298,0,0,0,0,0,0,0,0,0,0,0.005138602,0,0,0,0.003759164,0,0,0,0,0,0,0,0,0,0,0,0,0,0,0,0,0,0,0,0.001512652,0,0,0,0,0,0,0,0,0,0,0,0,0,0,0,0,0,0,0,0,0,0,0,0,0,0,0.001063349,0,0,0,0,0,0,0,0,0,0,0,0,0,0,0.00044142,0,0,0,0,0,0.0006503063,0,0,0,0,0,0,0,0,0,0,0,2.443575e-05,0,0,0,0,0,0,0,0,0,0,0,0.02255893,0.009767994,0,0,0,0.001125621,0.0003854543,0.01553089,0,0.006180668,0,0,0,0,0,0.4494452,0.1414239,0,0.01323551,0,0,0,0,0,0,0,0,0,0,0,0,0,0,0.2494409,0,0,0,0,0,0,0,0,0,0.07314251
"1283_W9",0,0.001457358,0,0,0,0.004140879,0.0002171544,0.0007418122,0.02999154,0.0003179195,0.002440327,0.001077167,0.01153862,0.001585069,0,0,0.00335944,0,0,0.00372695,0,3.894741e-05,0.003906515,0.0003018424,6.589358e-05,0.004410567,0.007732419,0,0.0008871857,4.166467e-05,0.00540984,0,0,0.01666247,0,0.003498926,0.03046299,0.466289,0.06520181,0,0.01298624,0,0,0,0,2.966343e-05,0.001236807,0.001711648,0.0002936906,0.0001992658,0,0,0,0,0,0,0,0,0,0,0,0,0,0,0.001159818,0,0,0,0,0,0,0.004733242,0.0003663773,0,0,0,0,0,0,0,0,0,8.378221e-05,0,0,0,0,0.02515368,0,0,0,5.434522e-06,0,0,0.0001666587,0,0,0,0,0,0,0.0145378,0,0,0,0,0,0,0,0.01500222,0,0,0,0,0.0002420627,0,0,0,0,0,0,0,0.00179928,0,0,0,0.001507627,0,0.0001546574,0.08403582,0,0,0.03313926,0,0.0009213779,0.119321,0,0,0,0.0002379868,0,0,0,0.00487454,0,0,0,0,0,0,0,0.001626281,0.008969452
"1284_W3",0,0.0024230169,0.0026454492,0,0,0.0172187177,0,0,0,0,0,0,0,0.0488208014,0,0,0,0.0077183111,0,0,0,0,0,0,0,0,0,0,0,0,0,0,0,0,0,0,0,0.0040688397,0,0,0,0,0,0,0,0,0,0,0,0,0,0,0,0,0,0,0,0,0,0,0,0,0,0.0004158516,0.0024107084,0,0,0,0,0,0,0,0,0,0,0,0,0,0,0.0015675759,0,0,0,0,0,0.0004290393,0,0,0,0,0,0,0,0,0,0,0,0.0005741038,0,0,0,0,0,0,0,0,0,0,0,0.0131024024,0,0.0001696815,0.0001696815,0,0.0023412533,0.0002364991,0.0006022375,0,0.0003789261,0,0,0,0,0,0.2076444601,0.0839712509,0,0.0135780381,0,0,0.001287997,0,0,0,0,0,0,0,0,0,0,0,0.5635413324,0,0,0,0,0,0,0,0,0,0.0246838253
"1284_W9",0.0001379942,0.0005022581,0,0,0,0.4122823,0.0005483238,0.0002534628,0.01152799,0,0.07943633,0.0002836997,0,0.007242055,9.131966e-06,0,0.01690834,0,0,0,0,0,0.0609786,0.00282198,0.002095279,0,0,0,0,3.531027e-05,0.002534019,0,0.0121447,0.002360309,0,0,0.009993212,0.1677532,0.02054571,0.006911478,0.00607986,1.116129e-05,0,0,2.029326e-05,0.001536403,0.0001059308,1.319062e-05,0,0,0,0,0,0,0,0,0,0,0,0,0,0,0,0.0003863836,0,0,0,0,0,0,0,0.0008439966,0,0,0.0001136422,0,0,0,0,5.47918e-05,0,0,0,0,0,0,0,0,0,0,0,5.803872e-05,0,0,0,0,0.00189884,0,0,6.575016e-05,0,0.01568182,0,8.178183e-05,0,0,0,0.006798647,0,0.0006991027,0,0,0,0,0.05382604,0,1.948153e-05,0,0,0,0,0,0.0006820564,0,0,0,0.0008115274,0,0,0.02999486,0,0,0.009422565,0,0,0.01645235,0.02506075,0,0,0,0,0,0,0.005188377,0,0,0,0,0,0.0003975449,0,0.006259658,0.000129471
"1285_W3",0,0.008263166,0,0,0,0,0,0,0,0,0,0,0,0.01485383,0,0,0,0.002219651,0,0,0,0,0,0,0,0,0,0,0,0,0,0,0,0,0,0,0,0.0004034922,0,0,0,0,0,0,0,0,0,0,0,0,0,0,0,0,0,0,0,0,0,0,0,0,0,0.0001853404,0,0,0,0,0,0,0,0,0,0,0,0,0,0,0,0.0008309279,0,0,0,0,0,0.0008690601,0,0,0,0,0,0,0,0,0,0,0,0.0001232647,0,0,0,0,0,0,0,0,0,0,0,0.02386191,0.001449025,5.320776e-05,0,0,0.05642949,0.02109954,0.0002846615,0,0.0001463213,0,0,0,0,0,0.4860077,0.1747884,0,0.002634671,0,0,0.0004637943,0,0,0,0,0,0,0,0,0,0,0,0.173248,0,0,0,0,0,0,0,0,0,0.03178454
"1285_W9",0,0.00520642,0,0,0,0.0006551277,0.0008027621,0.0003419813,0.00907202,0,0.03442045,0.006691991,0.01172511,0.001262101,0,0,0.001466252,0,0,0.001114467,0,0.1056791,0.001090822,0.0193652,0.01225769,6.112988e-05,0.002204712,0,0.008687363,0,0.01587156,0.0003336192,0.0324937,0.0004198354,0,0.03890542,0.0006484957,0.1949299,0.02585851,0,0.004646447,0,0,0.03334779,0,0,0,0.0009916304,0,0,0,0,0,0,0,0,0,0,0,0,0,0,0,0.001217984,0,0,0,0,0,0,0,0.009266943,0.0003241037,0,0,0,0,0,0,0,0,0,3.633191e-05,0,0,0,0,0.0009181015,0,0,0.0005472854,0,0,0,0.0002084759,0,0,0,0,0,0,0.1798277,0,0,0,0,0,0,0,0.0008454377,0,0,0,0,0.0002523049,0,0.00321076,0,0,0,0,0,0.0006014949,0,0,0,0.0009368442,0,0,0.0149007,0,0,0.009514923,0,0.0001894449,0.1839522,0,0,0,0,0,0,0,0.009260023,0,0,0,0,0,0,0,0.003433077,0.01000425
